CODE ISIN,OPCVM,Société de Gestion,Classification,AN,Sensibilité,Indice Bentchmark,Benchmark_Normalise,Perf_1_mois,Perf_3_mois,Perf_6_mois,Perf_1_an,Perf_3_ans,Perf_YTD,Perf_1_mois_Benchmark,Ecart_1_mois,Perf_3_mois_Benchmark,Ecart_3_mois,Perf_6_mois_Benchmark,Ecart_6_mois,Perf_1_an_Benchmark,Ecart_1_an,Perf_3_ans_Benchmark,Ecart_3_ans
MA0000030058,BMCI COSMOS,CIH CAPITAL MANAGEMENT,ACTIONS,19423094.26,,MASI,MASI,-0.018902580795163937,-0.03727955100271496,-0.03909914833538275,-0.11128661991112232,0.46874347372084935,-0.06849889624724059,-0.015317466005329017,-0.00358511478983492,-0.045617542077769135,0.008337991075054174,-0.0441016662313608,0.005002517895978054,-0.09122383660461464,-0.02006278330650768,0.4708940860761408,-0.002150612355291459
MA0000030066,BMCI EPARGNE OBLIGATIONS,CIH CAPITAL MANAGEMENT,OMLT,237423598.43,5.0,MBI MLT,MBI MLT,-0.00010969723562981315,-0.003207815404804415,-0.0017158294392524143,-0.012602007655087788,0.15721540414727042,-0.011316798033118802,,,,,,,,,,
MA0000030132,BMCI TRESORERIE,CIH CAPITAL MANAGEMENT,MONÉTAIRE,386394223.62,0.25,TMJ(jj),TMP,0.0011979873811995834,0.0038382983169786833,0.007815510168333262,0.015023393283894793,0.05746052404519153,0.008811565956221123,0.0018494492591557168,-0.0006514618779561335,0.0056097476961394785,-0.0017714493791607952,0.011222105363592994,-0.003406595195259732,0.022510364583333334,-0.007486971299438542,0.0757503,-0.018289775954808477
MA0000030215,CDG IZDIHAR,CDG CAPITAL GESTION,DIVERSIFIÉ,103373873.75,,77% MBI GLOBAL + 23% CFG 25 FLOTTANT,77% MBI GLOBAL + 23% CFG 25 FLOTTANT,-0.01663440201350963,-0.03613370980091879,-0.05914406702464836,-0.10624291384792195,0.23345040556802488,-0.08763954855236422,,,,,,,,,,
MA0000030280,CDG TAWFIR,CDG CAPITAL GESTION,OMLT,1410024793.07,5.0,MBI GLOBAL,MBI GLOBAL,-0.0019942138895552297,-0.0022912188243995324,0.001612739481660963,-0.008931672134158686,0.16504045291065284,-0.010811120500737625,,,,,,,,,,
MA0000030306,CDG TRESORERIE,CDG CAPITAL GESTION,MONÉTAIRE,2138846221.42,0.25,50% MBI CT + 50% TMP,50% MBI CT + 50% TMP,0.0020359598096246767,0.006876884722511356,0.014341986108570959,0.026217093237894673,0.09391372118867891,0.0156241625127298,,,,,,,,,,
MA0000030363,BMCI EPARGNE CROISSANCE,CIH CAPITAL MANAGEMENT,DIVERSIFIÉ,113009539.98,,60% MASI + 40% MBI MT,60% MASI + 40% MBI MT,-0.005215043867722091,-0.018047480620155154,-0.026595425346701118,-0.05562350748441969,0.2396024464831803,-0.0452243551996232,,,,,,,,,,
MA0000030405,SICAV MAROC CROISSANCE,MAROGEST,DIVERSIFIÉ,7189084.66,,-,-,-0.01533097800464478,-0.0334698152732813,-0.06126363412725866,-0.1088000561911201,0.30391051118481727,-0.08179492560643775,,,,,,,,,,
MA0000030413,BMCI CASH,CIH CAPITAL MANAGEMENT,OCT,48886678.89,0.8500000000000001,MBI CT,MBI CT,0.0015362556329374666,0.007054219659131888,0.016898039827379918,0.028340080971660075,0.09025029265845386,0.016211160760677634,,,,,,,,,,
MA0000030470,CFG CROISSANCE,CFG GESTION,DIVERSIFIÉ,515593574.26,,50% CFG 25 FLOTTANT + 50% CFG BONDS CT,50% CFG 25 FLOTTANT + 50% CFG BONDS CT,-0.01711922025835544,-0.025377323188224943,-0.037203614082971015,-0.09973326881088584,0.2793578282084028,-0.06554088195106778,,,,,,,,,,
MA0000030488,IRAD,BMCE CAPITAL GESTION,MONÉTAIRE,2222313041.0,0.25,Taux Repo au jour le jour,TAUX REPO AU JOUR LE JOUR,0.0034000891355290275,0.00811769209102775,0.015266786919585495,0.027013107408647263,0.09631764756702421,0.016505183129976952,,,,,,,,,,
MA0000030496,SICAVENIR,BMCE CAPITAL GESTION,OMLT,215560173.86,5.0,MBI Global,MBI GLOBAL,-0.0007806544079529409,-0.002848361279328082,0.002958815331152609,-0.0005429279064944614,0.17315807563418328,-0.005263988731299851,,,,,,,,,,
MA0000030504,MAROC VALEURS,BMCE CAPITAL GESTION,ACTIONS,411150623.55,,MASI,MASI,-0.023292558613659642,-0.0454381734301319,-0.04441415534981141,-0.12715901592436663,0.4049595632606562,-0.07641573322524198,-0.015317466005329017,-0.007975092608330625,-0.045617542077769135,0.0001793686476372347,-0.0441016662313608,-0.00031248911845060956,-0.09122383660461464,-0.035935179319751986,0.4708940860761408,-0.06593452281548462
MA0000030512,HORIZON EXPANSION,UPLINE CAPITAL MANAGEMENT,DIVERSIFIÉ,3831265.75,,40% TMP + 60% MASI,40% TMP + 60% MASI,-0.014259965922318374,-0.015522704447149094,-0.024281013728045808,-0.06136113264331089,0.2638589601370278,-0.039401434344287334,,,,,,,,,,
MA0000030520,ATTIJARI DIVERSIFIE,WAFA GESTION,DIVERSIFIÉ,1488303503.39,,30% MASI + 70% MBI MT,30% MASI + 70% MBI MT,-0.013770062233868341,-0.010945116743532157,0.03167358798295039,0.011828910933677328,0.3426680698499902,0.027336872705435944,,,,,,,,,,
MA0000030538,ATTIJARI PATRIMOINE MULTIGESTION,WAFA GESTION,DIVERSIFIÉ,17992092.85,,40% MASI + 60% MBI MT,40% MASI + 60% MBI MT,-0.015560948620576887,-0.024865634646643486,0.00033647590470509137,-0.04046647778224899,0.31967298318560466,-0.017255988233792596,,,,,,,,,,
MA0000030546,ATTIJARI OBLIGATIONS,WAFA GESTION,OMLT,90349077.42,3.05,MBI MT,MBI MT,-0.0005051461766749643,0.001486824206763382,0.01111465985308202,0.007574793125397772,0.11901311371107415,0.001708644475382659,,,,,,,,,,
MA0000030553,ATTIJARI TRESORERIE,WAFA GESTION,MONÉTAIRE,9498995946.82,0.25,TMP,TMP,0.0016178720224457876,0.005242621593799512,0.011200370083713551,0.020099366038927924,0.07429096380531841,0.01213140095241827,0.0018494492591557168,-0.00023157723670992917,0.0056097476961394785,-0.0003671261023399661,0.011222105363592994,-2.1735279879442695e-05,0.022510364583333334,-0.0024109985444054106,0.0757503,-0.0014593361946815958
MA0000030579,CDM OPTIMUM,WAFA GESTION,DIVERSIFIÉ,102589261.77,,50% MBI MLT + 50% MASI RENTABILITE,50% MBI MLT + 50% MASI RENTABILITE,-0.01274098718313954,-0.011987106017191995,0.0024988588689864866,-0.033171455248466875,0.3329667334793289,-0.015851791175341523,,,,,,,,,,
MA0000030587,CDM GENERATION,WAFA GESTION,OMLT,422755063.49,4.0,65% MBI MT + 35% MBI MLT,65% MBI MT + 35% MBI MLT,-0.001158416996782985,-0.000814228150618268,0.005211172709558287,-0.008033790475875158,0.15473946206342837,-0.005476617884199841,,,,,,,,,,
MA0000030595,CDM TRESOR PLUS,WAFA GESTION,OCT,98009992.93,0.8,MBI CT,MBI CT,0.0022379473018063756,0.007203852847140535,0.01587884725283706,0.024867338894706492,0.09926298918461862,0.01587884725283706,,,,,,,,,,
MA0000030603,CDM CASH,WAFA GESTION,MONÉTAIRE,2289894806.63,0.25,40% TMP + 60% MBI CT,40% TMP + 60% MBI CT,0.0016520053974427018,0.005486924703749674,0.011698602652831624,0.02141731800139124,0.0799766354718967,0.012752195244004172,,,,,,,,,,
MA0000030611,CDM EXPANSION,WAFA GESTION,ACTIONS,93896168.04,,MADEX,MADEX,-0.020088406829421257,-0.031635519726395556,-0.009297466095875895,-0.06426162165319271,0.4733885507254707,-0.03433744244130488,,,,,,,,,,
MA0000030645,ATTIJARI PATRIMOINE VALEURS,WAFA GESTION,ACTIONS,1047126537.35,,MASI,MASI,-0.021398357800447854,-0.03775893002772801,-0.017568692756036675,-0.08492322010237319,0.38567234292425123,-0.04492472073822251,-0.015317466005329017,-0.006080891795118837,-0.045617542077769135,0.007858612050041125,-0.0441016662313608,0.02653297347532413,-0.09122383660461464,0.006300616502241452,0.4708940860761408,-0.08522174315188957
MA0000030694,ATTIJARI PATRIMOINE DIVERSIFIE,WAFA GESTION,DIVERSIFIÉ,19020247.77,,50% MASI + 50% MBI MT,50% MASI + 50% MBI MT,-0.012284386851970197,-0.025529331630173457,-0.022094619218656186,-0.07168183023005237,0.284848181657924,-0.04421568592703906,,,,,,,,,,
MA0000030702,ATTIJARI PATRIMOINE TAUX,WAFA GESTION,OMLT,201046534.08,3.05,MBI MT,MBI MT,0.00014248384971016215,0.0002010157657428291,0.0069704530666407916,-0.006068528862176126,0.10105432401696324,-0.002076663933323397,,,,,,,,,,
MA0000030710,ATTIJARI SELECTION,WAFA GESTION,DIVERSIFIÉ,42208144.72,,40% MASI +60% MBI MT,40% MASI + 60% MBI MT,-0.011873221469924422,-0.01984004672063322,0.0034877927254608476,-0.029693748092951555,0.28337475307461935,-0.010513903900953081,,,,,,,,,,
MA0000030736,BMCI TRESO PLUS,CIH CAPITAL MANAGEMENT,MONÉTAIRE,740493702.76,0.8500000000000001,MBI CT,MBI CT,0.001726293231739895,0.005376986497789504,0.010994292580354559,0.019816980789043148,0.07547772735987723,0.011967045522881747,,,,,,,,,,
MA0000030744,CDG CROISSANCE,CDG CAPITAL GESTION,ACTIONS,3702772.62,,20% MBI GLOBAL + 80% CFG 25 FLOTTANT,20% MBI GLOBAL + 80% CFG 25 FLOTTANT,-0.019948180612157862,-0.0345677724672625,-0.07758375596826295,-0.15118678261932772,0.25641295206055537,-0.12057471532030828,,,,,,,,,,
MA0000030751,CDG PATRIMOINE,CDG CAPITAL GESTION,DIVERSIFIÉ,2670045.94,,65% MBI GLOBAL + 35% CFG 25 FLOTTANT,65% MBI GLOBAL + 35% CFG 25 FLOTTANT,-0.004146106589873244,-0.005896212887698926,-0.011191058107241525,-0.028960661189621484,0.08984835794467028,-0.02316170585941124,,,,,,,,,,
MA0000030769,LEGACY ACCUMULATION FUND,VALORIS MANAGEMENT,DIVERSIFIÉ,35586743.58,,85% MBI + 15% MASI,85% MBI + 15% MASI,-0.0063708894312782816,-0.014145846081737301,-0.00994364613433385,-0.03276468822451151,0.2766902714550665,-0.019666103483321318,,,,,,,,,,
MA0000030777,HORIZON LIQUIDITE,SAHAM CAPITAL GESTION,MONÉTAIRE,1189492769.04,0.25,MONIA,MONIA,0.0016696039328447654,0.005633933975881078,0.01156854479883851,0.021423504374556535,0.08076461168935145,0.01251699404622375,0.0018150684931506845,-0.00014546456030591916,0.005508985143739148,0.00012494883214192974,0.011031856879983645,0.0005366879188548647,0.022200233463035023,-0.0007767290884784887,0.07599452000000002,0.004770091689351427
MA0000030785,HORIZON OBLIG PLUS,SAHAM CAPITAL GESTION,OMLT,675145700.56,4.5,MBI MT,MBI MT,-0.001050802247100302,-0.0018576101441667436,0.00032376866728722753,-0.016825775656324704,0.14600333827893164,-0.011082659838361208,,,,,,,,,,
MA0000030793,HORIZON CROISSANCE,SAHAM CAPITAL GESTION,ACTIONS,68899338.72,,MASI,MASI,-0.026114032253326647,-0.0583122674468145,-0.0565704854589949,-0.1514205272587662,0.43288097501944867,-0.09042524005486963,-0.015317466005329017,-0.01079656624799763,-0.045617542077769135,-0.012694725369045368,-0.0441016662313608,-0.012468819227634098,-0.09122383660461464,-0.06019669065415156,0.4708940860761408,-0.03801311105669214
MA0000030801,HORIZON PERSPECTIVES,SAHAM CAPITAL GESTION,DIVERSIFIÉ,233928567.34,,60% MBI MT + 40% MASI,60% MBI MT + 40% MASI,-0.012483292562983861,-0.02713043478260868,-0.020021022073176797,-0.07047736605977162,0.2731410735767468,-0.04202955279381548,,,,,,,,,,
MA0000030827,WG DIVERSIFIE,WAFA GESTION,DIVERSIFIÉ,231504113.84,,75% MBI MT + 25% MASI RB,75% MBI MT + 25% MASI RB,-0.009224487082972743,-0.012864532271462337,0.013413911390740108,-0.007308157252781555,0.4077415964014346,-0.0009339557762468864,,,,,,,,,,
MA0000030835,WG CROISSANCE,WAFA GESTION,DIVERSIFIÉ,1732477356.68,,75% MBI MT + 25% MASI,75% MBI MT + 25% MASI,-0.011596259271202891,-0.013876785615796194,0.03859223817942059,0.03872297080091247,0.4353700537077623,0.03824042924668891,,,,,,,,,,
MA0000035081,FCP CAM DYNAMIQUE,MAROGEST,ACTIONS,7901010.51,,MASI,MASI,-0.025646121484683815,-0.05256335373651877,-0.09940123962592451,-0.1641745586612725,0.3576260112009957,-0.12376046749804204,-0.015317466005329017,-0.010328655479354798,-0.045617542077769135,-0.006945811658749634,-0.0441016662313608,-0.055299573394563706,-0.09122383660461464,-0.07295072205665787,0.4708940860761408,-0.11326807487514512
MA0000035099,FCP CAM EPARGNE,MAROGEST,OMLT,765540588.2,5.5,MBI MLT,MBI MLT,-0.002270457591095676,-0.007927010396774903,-0.0074018930730735955,-0.023679067203447923,0.15716095906232064,-0.017722689075630238,,,,,,,,,,
MA0000035164,FCP CAM INVESTISSEMENT,MAROGEST,ACTIONS,4985676.91,,CFG 25 FLOTTANT,CFG 25 FLOTTANT,-0.025637642090975854,-0.053524995422083776,-0.08963650667532963,-0.16143808169247165,0.804685681476079,-0.11904834048548807,,,,,,,,,,
MA0000035594,HORIZON BALANCED FUND,SAHAM CAPITAL GESTION,DIVERSIFIÉ,1090657.87,,50% MBI GLOBAL + 50% MASI,50% MBI GLOBAL + 50% MASI,-0.002641228653369687,-0.04938972154168875,-0.03078991922781671,-0.06977136538065876,0.2433092719788228,-0.049665534774178566,,,,,,,,,,
MA0000035651,ATLAS PREMIUM,ATLAS CAPITAL MANAGEMENT,ACTIONS,639368.7,,MASI,MASI,-0.02037191381218484,-0.03563022045274189,-0.02567029502493645,-0.08921380571893145,0.5656636240555533,-0.05501370729649935,-0.015317466005329017,-0.005054447806855822,-0.045617542077769135,0.009987321625027246,-0.0441016662313608,0.018431371206424352,-0.09122383660461464,0.0020100308856831894,0.4708940860761408,0.09476953797941245
MA0000035677,CDG HORIZONS,CDG CAPITAL GESTION,OMLT,955000751.46,3.0999999999999996,50% MBI MLT + 50% MBI MT,50% MBI MLT + 50% MBI MT,0.0009698069728232284,0.003281773227686413,0.011276607219905088,0.011926980971698198,0.1416589712105376,0.0038278451194977414,,,,,,,,,,
MA0000035701,PATRIMOINE AVENIR,CFG GESTION,ACTIONS,53665057.78,,CFG 25 FLOTTANT,CFG 25 FLOTTANT,-0.0178154879392991,-0.037153375466458805,-0.05105566218809965,-0.12718823676807245,0.345365168539326,-0.08470689408055032,,,,,,,,,,
MA0000035727,CFG AVENIR,CFG GESTION,DIVERSIFIÉ,58858881.32,,20% CFG 25 FLOTTANT + 80% CFG BONDS CT,20% CFG 25 FLOTTANT + 80% CFG BONDS CT,-0.013155121050977714,-0.02599156383164547,0.003279358038369651,-0.008699803829911201,0.117056216247853,-0.009200561457873624,,,,,,,,,,
MA0000035743,CFG PERFORMANCE,CFG GESTION,ACTIONS,307514976.03,,CFG 25 FLOTTANT,CFG 25 FLOTTANT,-0.030318786225707384,-0.04435372092437184,-0.060531987811021204,-0.13233521973244655,0.5213024872960688,-0.09081246103927232,,,,,,,,,,
MA0000035768,CFG EMERGENCE,CFG GESTION,ACTIONS,27081698.63,,CFG 25 FLOTTANT,CFG 25 FLOTTANT,-0.026416083198284257,-0.0536435975720696,-0.05200280559166415,-0.12673333174469414,0.4668448477879583,-0.07982401335650435,,,,,,,,,,
MA0000035784,CFG VALEURS,CFG GESTION,ACTIONS,33485753.8,,CFG 25 FLOTTANT,CFG 25 FLOTTANT,-0.0274752475247525,-0.03631510604530386,-0.06260701153619452,-0.13755390852981442,0.39772323016720024,-0.09902339007742744,,,,,,,,,,
MA0000035792,CFG RENDEMENT,CFG GESTION,OMLT,102200230.95,4.0,CFG BONDS CT,CFG BONDS CT,-0.0004311088118640338,-0.0020373027259683596,-0.0038951739939853125,0.04885551433999824,0.05901160135196859,-0.00705190429966307,,,,,,,,,,
MA0000035826,CFG LIQUIDITE,CFG GESTION,OCT,576089423.72,0.8,MBI CT,MBI CT,0.0013184495033840005,0.004187050993873731,0.009750044318383333,0.032585542714706595,0.07512268780671949,0.009123925945610845,,,,,,,,,,
MA0000035834,CFG SECURITE,CFG GESTION,MONÉTAIRE,2158517317.62,0.25,TMP INTERBANCAIRE,TMP,0.0020111609670756536,0.005805452656749255,0.01187818940427654,0.0239847391609731,0.08040304685230182,0.01282081645864408,0.0018494492591557168,0.0001617117079199368,0.0056097476961394785,0.0001957049606097763,0.011222105363592994,0.0006560840406835463,0.022510364583333334,0.0014743745776397664,0.0757503,0.004652746852301812
MA0000035842,FCP CAPITAL BALANCE,BMCE CAPITAL GESTION,DIVERSIFIÉ,80850810.6,,50% MASI + 50% MBI Global,50% MASI + 50% MBI GLOBAL,-0.013355549010141576,-0.015512342050620243,-0.024592550729781726,-0.07110157226822089,0.33333804389299515,-0.04649086756452658,,,,,,,,,,
MA0000035867,FCP CAPITAL IMTIYAZ CROISSANCE,BMCE CAPITAL GESTION,DIVERSIFIÉ,1186761.38,,30% MASI + 70% MBI,30% MASI + 70% MBI,-0.008405807232194973,-0.00604720225769384,0.001857605143952279,-0.01722503258391561,0.3011777246763627,-0.009247043641671171,,,,,,,,,,
MA0000035875,FCP CAPITAL PARTICIPATIONS,BMCE CAPITAL GESTION,ACTIONS,168861243.88,,MASI,MASI,-0.029346188794152184,-0.04344766175451764,-0.11937634695181065,-0.21354973736047267,0.5417764819838522,-0.16167016622922126,-0.015317466005329017,-0.014028722788823167,-0.045617542077769135,0.002169880323251494,-0.0441016662313608,-0.07527468072044985,-0.09122383660461464,-0.12232590075585803,0.4708940860761408,0.07088239590771139
MA0000035883,CAPITAL DIVIDENDES PLUS,BMCE CAPITAL GESTION,ACTIONS,3675439.54,,MASI,MASI,-0.024543335406188693,-0.02166269513203334,-0.03799589950806048,-0.0950778746134382,0.5152094870293344,-0.06370665130809627,-0.015317466005329017,-0.009225869400859676,-0.045617542077769135,0.023954846945735797,-0.0441016662313608,0.006105766723300321,-0.09122383660461464,-0.003854038008823557,0.4708940860761408,0.04431540095319364
MA0000035891,FCP MEDERSAT.COM,BMCE CAPITAL GESTION,DIVERSIFIÉ,5408293.53,,50% MASI + 50% MBI Global,50% MASI + 50% MBI GLOBAL,-0.006087678380835682,-0.034508800000000006,-0.024646020559901838,-0.04252402289950363,0.18990077455790244,-0.03701103053824939,,,,,,,,,,
MA0000035917,CAPITAL TRESOR,BMCE CAPITAL GESTION,OMLT,502886742.38,4.0,40% MBI MLT + 60% MBI MT,40% MBI MLT + 60% MBI MT,-0.00016865895051965119,-0.0008567596227448959,0.002215404989416081,-0.014292840416245234,0.13378729982906523,-0.009733875766929856,,,,,,,,,,
MA0000035925,FCP CAPITAL DYNAMIQUE,BMCE CAPITAL GESTION,OCT,543142513.95,0.8,MBI CT,MBI CT,0.028620658694155754,0.03176155248204138,0.03711223768385841,0.08125320221840693,0.11001351868854892,0.03780568293093256,,,,,,,,,,
MA0000035933,FCP CAPITAL INSTITUTIONS,BMCE CAPITAL GESTION,OMLT,1286918518.29,3.0999999999999996,MBI MT,MBI MT,-0.0006606424177995063,0.0016744936559525136,0.00550877890007806,-0.006162257682054806,0.14547456469041986,-0.005606558615739221,,,,,,,,,,
MA0000035941,FCP CAPITAL IMTIYAZ SECURITE,BMCE CAPITAL GESTION,OMLT,1120475352.88,4.0,MBI GLOBAL,MBI GLOBAL,0.00042065362640419934,0.0006097630092221085,0.004056564418450259,-0.0014505699974881603,0.1809876784158615,-0.004668319497836526,,,,,,,,,,
MA0000035958,FCP CAPITAL INDICE,BMCE CAPITAL GESTION,ACTIONS,1590031200.02,,MASI RB,MASI RB,-0.023161414620103238,-0.04299992840577016,-0.060634519063682,-0.13881334522942612,0.39295864490703303,-0.0949471364644523,-0.002069101007473817,-0.02109231361262942,-0.02469255142485194,-0.018307376980918222,-0.022401755111186805,-0.0382327639524952,-0.06795884607308755,-0.07085449915633857,0.593549539999763,-0.20059089509272998
MA0000035974,EMERGENCE MONEY MARKET FUND,VALORIS MANAGEMENT,MONÉTAIRE,686853763.11,0.25,MBI CT,MBI CT,0.013856989741234171,0.017234923042948047,0.02271926479744768,0.038519034058883905,0.09616140713916188,0.023841046802671295,,,,,,,,,,
MA0000035990,EMERGENCE FUND,VALORIS MANAGEMENT,OMLT,1717766458.86,3.0999999999999996,MBI GLOBAL,MBI GLOBAL,-0.0026714344714375837,0.013300189092145143,0.015727991992247725,0.011951050026787646,0.1326351287166334,0.01013994715578459,,,,,,,,,,
MA0000036006,UPLINE TRESORERIE,UPLINE CAPITAL MANAGEMENT,MONÉTAIRE,480847492.69,0.25,100% TMP,100% TMP,0.001623649263085447,0.005189922916798428,0.010418861905529209,0.02006996956235385,0.07609838908069122,0.011816375235732757,,,,,,,,,,
MA0000036022,ATTIJARI SOLIDARITE,WAFA GESTION,DIVERSIFIÉ,98706764.61,,50% MASI + 50% MBI MT,50% MASI + 50% MBI MT,-0.012721574807703528,-0.02089505691564031,-0.0021463225731028768,-0.04298292946139515,0.34752460593502543,-0.020343712619952492,,,,,,,,,,
MA0000036048,ATTIJARI MONETAIRE PLUS,WAFA GESTION,OCT,2185958798.01,0.8,MBI CT,MBI CT,0.0017741237559498746,0.005952898235856541,0.013882806341420695,0.021713226532503516,0.08425440239790172,0.013705228128557678,,,,,,,,,,
MA0000036063,ATTIJARI ACTIONS,WAFA GESTION,ACTIONS,464860943.3,,MASI,MASI,-0.02226722828487393,-0.02200383612422141,-0.016226411004043095,-0.08015688818169842,0.4303274813250544,-0.042070377641272416,-0.015317466005329017,-0.006949762279544913,-0.045617542077769135,0.023613705953547726,-0.0441016662313608,0.027875255227317708,-0.09122383660461464,0.011066948422916223,0.4708940860761408,-0.04056660475108642
MA0000036097,CAPITAL PERFORMANCE,WAFA GESTION,DIVERSIFIÉ,142950889.5,,75% MBI MT + 25% MASI RENTABILITE,75% MBI MT + 25% MASI RENTABILITE,-0.010942106575531296,-0.012264119850735944,0.03610752228310088,0.01705498848043563,0.5303605133655858,0.0264941575847375,,,,,,,,,,
MA0000036147,CDM SECURITE PLUS,WAFA GESTION,MONÉTAIRE,138719896.23,0.25,TMP,TMP,0.0012452811687992948,0.004189367267863897,0.008523540973244259,0.017163235015788647,0.06336205774387538,0.009885029051798666,0.0018494492591557168,-0.000604168090356422,0.0056097476961394785,-0.0014203804282755814,0.011222105363592994,-0.0026985643903487348,0.022510364583333334,-0.005347129567544687,0.0757503,-0.01238824225612463
MA0000036154,FCP CDM LIQUIDITES,WAFA GESTION,OCT,682938851.54,0.55,80% MBI CT + 20% MBI MT,80% MBI CT + 20% MBI MT,0.0017757229702504151,0.005420170245181044,0.012689829119112206,0.01877588925836049,0.0789172084234322,0.01213203644627403,,,,,,,,,,
MA0000036188,FCP MAROC RENDEMENT,MAROGEST,OCT,4713011.97,0.8,MBI CT,MBI CT,0.0017955519281778187,0.04914739946151547,0.05910522455671097,0.06864878983109879,0.1381084840055633,0.05933373608354198,,,,,,,,,,
MA0000036196,FCP CAM LIQUIDITE,MAROGEST,MONÉTAIRE,373388069.91,0.25,TMP INTERBANCAIRE,TMP,0.0016954830065190052,0.006686243739738806,0.013975325386681892,0.026484085784145517,0.0943126414520723,0.01541612031991968,0.0018494492591557168,-0.00015396625263671164,0.0056097476961394785,0.0010764960435993278,0.011222105363592994,0.0027532200230888978,0.022510364583333334,0.003973721200812182,0.0757503,0.018562341452072292
MA0000036238,FCP CAPITAL MONETAIRE,BMCE CAPITAL GESTION,MONÉTAIRE,203548478.49,0.125,MONIA,MONIA,0.0014283293388530627,0.004687537949627174,0.009382282249307705,0.018647458983593657,0.06714478275170443,0.01083755880017101,0.0018150684931506845,-0.00038673915429762186,0.005508985143739148,-0.0008214471941119742,0.011031856879983645,-0.0016495746306759394,0.022200233463035023,-0.0035527744794413667,0.07599452000000002,-0.008849737248295589
MA0000036246,CDG MONETAIRE PLUS,CDG CAPITAL GESTION,OCT,448575503.72,0.8,85% MBI CT + 15% MBI MT,85% MBI CT + 15% MBI MT,0.001888263317453509,0.006649028754438513,0.017827915735379563,0.031226179172740398,0.11300565798083229,0.017962280091879723,,,,,,,,,,
MA0000036261,CAPITAL IMTIYAZ LIQUIDITE,BMCE CAPITAL GESTION,OCT,9259638425.28,0.8,MBI CT,MBI CT,0.0026749789178903693,0.0077021007055138035,0.01702077548200842,0.027920653610885804,0.11050377090530428,0.017014894143858816,,,,,,,,,,
MA0000036287,EMERGENCE BOND FUND,VALORIS MANAGEMENT,OCT,1143692245.63,0.8,MBI CT,MBI CT,0.013304624881764315,0.01713188721438197,0.024422467159897376,0.03451912528960066,0.09658925100005855,0.0243150641845562,,,,,,,,,,
MA0000036303,FCP CAPITAL ACTIONS,BMCE CAPITAL GESTION,ACTIONS,390632623.93,,MASI,MASI,-0.025081334644775688,-0.02813289587811607,-0.041720893912914225,-0.12050371988260189,0.5217596693238853,-0.07458345303073843,-0.015317466005329017,-0.009763868639446671,-0.045617542077769135,0.017484646199653064,-0.0441016662313608,0.002380772318446578,-0.09122383660461464,-0.02927988327798725,0.4708940860761408,0.050865583247744484
MA0000036311,FCP CAPITAL SELECTION,BMCE CAPITAL GESTION,ACTIONS,1871075.05,,MADEX,MADEX,-0.023085356303837123,-0.027684249906472114,-0.048450085428362155,-0.11768699784994918,0.4758659852356615,-0.07733270220696997,,,,,,,,,,
MA0000036329,FCP CAPITAL TERME,BMCE CAPITAL GESTION,DIVERSIFIÉ,101130127.8,,80% MBI GLOBAL + 20% MASI,80% MBI GLOBAL + 20% MASI,0.011202050264550234,0.012248106922663204,0.01145290664020493,-0.012673043548452223,0.27584228642954,-0.0008168933545725787,,,,,,,,,,
MA0000036345,CFG INSTIBONDS,CFG GESTION,OMLT,1420007.56,3.5,MBI GLOBAL,MBI GLOBAL,-0.00029377203290237297,0.0,0.004131012097964071,-0.7792982683701926,-0.7555316091954023,-0.00029377203290237297,,,,,,,,,,
MA0000036352,FCP CAM TRESO PLUS,MAROGEST,OCT,1256991808.56,0.8,85% MBI CT + 15 % MBI MT,85% MBI CT + 15 % MBI MT,0.0020686088605412767,0.007103257103256988,0.0159627148266821,0.025944228732792007,0.10506305050377018,0.016317967247508447,,,,,,,,,,
MA0000036436,EMERGENCE CAPITAL,VALORIS MANAGEMENT,OMLT,247579117.83,3.0999999999999996,MBI GLOBAL,MBI GLOBAL,0.0006520430682805944,0.0035715483416611793,0.008758722204119218,0.005285287975409947,0.12769672342216154,0.0034257292947355023,,,,,,,,,,
MA0000036477,INSTIMONETAIRE,CIH CAPITAL MANAGEMENT,MONÉTAIRE,17482121.16,0.25,TMI(jj),TMP,0.0012162838949703048,0.008213256484149722,0.018856934838005213,0.038669932457507716,0.09482084180879369,0.01952498907183453,0.0018494492591557168,-0.0006331653641854121,0.0056097476961394785,0.002603508788010244,0.011222105363592994,0.007634829474412219,0.022510364583333334,0.016159567874174382,0.0757503,0.01907054180879368
MA0000036493,FCP CAPITAL MAGHREB,BMCE CAPITAL GESTION,ACTIONS,742766202.0,,MASI,MASI,-0.02438940350192098,-0.024977329859158237,-0.04299282326299314,-0.12627610715957194,0.5820567501373588,-0.07733834439459941,-0.015317466005329017,-0.009071937496591964,-0.045617542077769135,0.0206402122186109,-0.0441016662313608,0.0011088429683676626,-0.09122383660461464,-0.0350522705549573,0.4708940860761408,0.111162664061218
MA0000036501,FCP CAPITAL MULTI-GESTION,BMCE CAPITAL GESTION,DIVERSIFIÉ,1342941153.52,,80% MBI GLOBAL + 20% MASI,80% MBI GLOBAL + 20% MASI,-0.010064501779359358,-0.012882120282408427,-0.025525470734199418,-0.06938370127720361,0.23611914736038142,-0.04773027136896901,,,,,,,,,,
MA0000036576,UPLINE VALEURS PLUS,UPLINE CAPITAL MANAGEMENT,ACTIONS,10410988.87,,MASI,MASI,-0.023646570639051734,-0.020411311882726935,-0.0425361914364939,-0.12245289479872756,0.5173202171447324,-0.07233479292418266,-0.015317466005329017,-0.008329104633722717,-0.045617542077769135,0.0252062301950422,-0.0441016662313608,0.0015654747948669057,-0.09122383660461464,-0.031229058194112924,0.4708940860761408,0.046426131068591614
MA0000036592,FCP CAPITAL IMMOBILIER,BMCE CAPITAL GESTION,ACTIONS,683564.28,,10% Indice Sectoriel Immobilier + 10 % Indice Sectoriel Batiments et Matériaux de Construction + 80% MASI,10% INDICE SECTORIEL IMMOBILIER + 10 % INDICE SECTORIEL BATIMENTS ET MATÉRIAUX DE CONSTRUCTION + 80% MASI,-0.019087239123218525,-0.024653960817717313,-0.06346358320042533,-0.11865360747375808,0.6095673182517021,-0.09077419354838712,,,,,,,,,,
MA0000036618,UPLINE PERENNITE,UPLINE CAPITAL MANAGEMENT,MONÉTAIRE,3339642576.86,0.25,MBI CT,MBI CT,0.001982088211347932,0.006355705190022709,0.013396634656338557,0.024444572019059585,0.0913583267078466,0.014612401778505646,,,,,,,,,,
MA0000036626,EMERGENCE PERFORMANCE,VALORIS MANAGEMENT,ACTIONS,380395760.82,,MASI,MASI,-0.01805732760222467,-0.03305044171955007,-0.05681255382089301,-0.11820774406514056,0.5959261943588814,-0.08192625095637207,-0.015317466005329017,-0.002739861596895654,-0.045617542077769135,0.012567100358219063,-0.0441016662313608,-0.012710887589532205,-0.09122383660461464,-0.026983907460525924,0.4708940860761408,0.12503210828274058
MA0000036634,EMERGENCE CROISSANCE,VALORIS MANAGEMENT,DIVERSIFIÉ,1999567566.14,,70% MBI GLOBAL + 30% MASI,70% MBI GLOBAL + 30% MASI,-0.011274538847414695,-0.022581621347234182,-0.03095579713476193,-0.07570792273430116,0.3017102406427541,-0.05227002749684084,,,,,,,,,,
MA0000036659,ATTIJARI LIQUIDITE,WAFA GESTION,MONÉTAIRE,1770931231.68,0.25,TMP,TMP,0.0013495276653172628,0.004510517159576288,0.00904908365318624,0.018446303042742196,0.06881882555666241,0.010500324555486218,0.0018494492591557168,-0.0004999215938384541,0.0056097476961394785,-0.0010992305365631902,0.011222105363592994,-0.002173021710406753,0.022510364583333334,-0.004064061540591139,0.0757503,-0.006931474443337596
MA0000036683,FCP MAROC INSTITUTIONS,MAROGEST,OMLT,1395097407.49,7.1,MBI LT,MBI LT,-0.0016858329821181073,-0.0048613611811307855,-0.002406594067745682,-0.01823672212682803,0.17670853736427516,-0.013035714285714262,,,,,,,,,,
MA0000036691,FCP MAROC CREANCES,MAROGEST,OMLT,115252537.37,3.0999999999999996,MBI GLOBAL,MBI GLOBAL,0.0012391573729864103,0.0020233666209776846,0.007878151260504396,0.0032675467259182245,0.14166728638358017,0.002285042762943279,,,,,,,,,,
MA0000036758,CFG CONSTRUCTION,CFG GESTION,ACTIONS,11489039.69,,CFG 25 FLOTTANT,CFG 25 FLOTTANT,-0.029394263953349986,-0.06036866359447002,-0.043396669012432554,-0.1078050648143084,0.5374175306314799,-0.07360290776919587,,,,,,,,,,
MA0000036774,AFRICAPITAL LIQUIDITY,AFRICAPITAL MANAGEMENT,MONÉTAIRE,40511068.57,0.25,Repo jj capitalisé,REPO JJ CAPITALISÉ,0.0016793035309565774,0.005589955825405779,0.012352532077662737,0.022912623862911152,0.08557920592239854,0.013387068960011295,,,,,,,,,,
MA0000036782,AFRICAPITAL SECURITE,AFRICAPITAL MANAGEMENT,DIVERSIFIÉ,1107374803.99,,60% MASI + 40% MBI,60% MASI + 40% MBI,-0.013358437164514125,-0.027866592943401436,-0.0635994535055151,-0.12839791787160215,0.25358181733635754,-0.09286787853409406,,,,,,,,,,
MA0000036790,AFRICAPITAL EQUITY,AFRICAPITAL MANAGEMENT,ACTIONS,104953971.66,,MASI,MASI,-0.02253539806021776,-0.03894062823847533,-0.04955340174838463,-0.13769427818419178,0.5142274774409463,-0.0890847589930398,-0.015317466005329017,-0.007217932054888743,-0.045617542077769135,0.006676913839293808,-0.0441016662313608,-0.005451735517023826,-0.09122383660461464,-0.04647044157957714,0.4708940860761408,0.04333339136480552
MA0000036865,AFRICAPITAL BONDS,AFRICAPITAL MANAGEMENT,OMLT,191067448.93,3.0999999999999996,MBI MLT,MBI MLT,-0.0010767227564102422,-0.0023507639982994766,-0.0003069771521291287,-0.014695712309820141,0.1432624519974781,-0.010350965325196526,,,,,,,,,,
MA0000036873,AFRICAPITAL CASH,AFRICAPITAL MANAGEMENT,OCT,569880010.4,0.8,MBI CT,MBI CT,0.001879840589517956,0.005698758350001887,0.014221737310176064,0.02233447360849139,0.10047491224447658,0.013739451309590978,,,,,,,,,,
MA0000036881,CFG PERSPECTIVES,CFG GESTION,CONTRACTUEL,607095.43,,-,-,,,,,,,,,,,,,,,,
MA0000036907,FCP IRGAM MONETAIRE,IRG ASSET MANAGEMENT,MONÉTAIRE,741328198.34,0.25,80% MONIA + 20% MBI CT,80% MONIA + 20% MBI CT,0.01672755239377044,0.018882466281310295,0.02282398452611223,0.03254360843530324,0.0731245349387808,0.02302186109498927,,,,,,,,,,
MA0000036915,FCP IRGAM OBLIGATAIRE,IRG ASSET MANAGEMENT,OMLT,1135982216.79,5.5,MBI MLT,MBI MLT,-0.0004248604030103742,-0.004954383420941344,-0.0054351108158705586,-0.021682309611500528,0.15361445783132543,-0.014953047431066402,,,,,,,,,,
MA0000036923,FCP IRGAM ACTIONS,IRG ASSET MANAGEMENT,ACTIONS,460014600.34,,MASI FLOTTANT,MASI FLOTTANT,-0.02513232699470702,-0.029659694036840545,-0.048995983935743004,-0.12757894736842113,0.48388636906182847,-0.09006404391582801,,,,,,,,,,
MA0000036972,CFG PREVOYANCE,CFG GESTION,OMLT,726922988.39,4.55,MBI GLOBAL,MBI GLOBAL,0.0010400734169471182,0.000856373868363125,-0.025142993326978114,-0.037019598611029325,0.08386327503974567,-0.03189160404709768,,,,,,,,,,
MA0000036998,BOND OPTIMUM,SAHAM CAPITAL GESTION,OMLT,110433363.99,5.55,MBI GLOBAL,MBI GLOBAL,-0.0007683759431061921,-0.002989731562594522,-0.0016599596211270828,-0.023591426798762027,0.17843504126815812,-0.015016849211017091,,,,,,,,,,
MA0000037038,CFG CORPORATE BONDS,CFG GESTION,OMLT,57061853.93,5.0,CFG BONDS MT,CFG BONDS MT,6.018657839290675e-05,-0.0022817341179296458,0.0012654413980115464,-0.004612711915174095,0.1434076520781724,-0.006101208278502246,,,,,,,,,,
MA0000037061,FCP CAPITAL PLUS,BMCE CAPITAL GESTION,OMLT,2039895011.67,3.0999999999999996,MBI MT,MBI MT,0.001140436624307739,0.001098151846645079,0.006539793856961795,-0.0119225569775544,0.12994177137603447,-0.007049966186494894,,,,,,,,,,
MA0000037079,AD MOROCCAN EQUITY FUND,AD CAPITAL ASSET MANAGEMENT,ACTIONS,406253391.31,,MASI,MASI,-0.020331304996539457,-0.04353854321605177,-0.06903944378961024,-0.13144819727389723,0.6957076403690279,-0.1138617886178861,-0.015317466005329017,-0.00501383899121044,-0.045617542077769135,0.0020789988617173627,-0.0441016662313608,-0.02493777755824944,-0.09122383660461464,-0.04022436066928259,0.4708940860761408,0.22481355429288707
MA0000037087,AD BONDS,AD CAPITAL ASSET MANAGEMENT,OMLT,1667440260.61,3.0999999999999996,MBI MLT,MBI MLT,-0.0017700816612753467,-0.002959799818119224,0.0035305354361150343,-0.011806924041562139,0.18522124488014513,-0.009422315004994575,,,,,,,,,,
MA0000037095,AD CASH,AD CAPITAL ASSET MANAGEMENT,MONÉTAIRE,788004081.16,0.25,MBI CT,MBI CT,0.002226651696166204,0.0067162145893922,0.01389837214199563,0.025951132577420655,0.09699045146680096,0.015245908971827538,,,,,,,,,,
MA0000037152,OBLIGATAIRE PREMIUM,IRG ASSET MANAGEMENT,OMLT,1855973460.05,5.5,MBI GLOBAL,MBI GLOBAL,0.004282377368284518,-0.0025776517592474013,-0.0030273752012882627,-0.01770641619597635,0.13201199444160028,-0.012819695133618136,,,,,,,,,,
MA0000037194,ATLAS AMBITION,ATLAS CAPITAL MANAGEMENT,ACTIONS,726347.07,,MASI,MASI,-0.019206563796559606,-0.02970068717428409,-0.01387391610030475,-0.0812262544215906,0.5914523449319213,-0.042768096819691515,-0.015317466005329017,-0.003889097791230589,-0.045617542077769135,0.015916854903485045,-0.0441016662313608,0.030227750131056053,-0.09122383660461464,0.009997582183024045,0.4708940860761408,0.12055825885578053
MA0000037202,ATLAS EQUILIBRE,ATLAS CAPITAL MANAGEMENT,OCT,6683440.22,0.8,MBI CT,MBI CT,0.0021908804600847542,0.006947788402008603,0.016386612970420655,0.026867765696246826,0.10242506401566498,0.016527777777777697,,,,,,,,,,
MA0000037210,ATLAS SERENITE,ATLAS CAPITAL MANAGEMENT,OMLT,82569915.25,6.0,MBI,MBI,0.0009061561986747346,-0.001638232968026343,-0.0008480325644505404,-0.010802641889622766,0.2200897480151882,-0.01091336467427817,,,,,,,,,,
MA0000037251,FCP MAROGEST CASH,MAROGEST,MONÉTAIRE,73021151.28,0.25,TMP INTERBANCAIRE,TMP,0.001962351915110183,0.008633304067895864,0.020958305561727064,0.03304608467590886,0.09708737864077688,0.022245291413317547,0.0018494492591557168,0.00011290265595446632,0.0056097476961394785,0.0030235563717563854,0.011222105363592994,0.00973620019813407,0.022510364583333334,0.010535720092575526,0.0757503,0.02133707864077687
MA0000037319,CAPITAL TRUST OBLIGATAIRE,CAPITAL TRUST GESTION,OMLT,536707119.83,3.0999999999999996,MBI MT,MBI MT,0.0006096817461285209,-0.0023342897437144128,-0.0020066889632106566,-0.015086957043580429,0.12369397620058331,-0.01056236133886368,,,,,,,,,,
MA0000037327,CAPITAL TRUST MONÉTAIRE,CAPITAL TRUST GESTION,MONÉTAIRE,122468043.8,0.25,Taux Repo au jour le jour,TAUX REPO AU JOUR LE JOUR,0.0023688475764334083,0.0049652432969216065,0.009789760873054165,0.028623417609052515,0.07397512393504924,0.01073481446301483,,,,,,,,,,
MA0000037343,UPLINE RENDEMENT PLUS,UPLINE CAPITAL MANAGEMENT,OMLT,754464.81,6.0,MBI GLOBAL,MBI GLOBAL,3.897948587461286e-06,0.0028151947026495705,0.011864089908345088,0.0027226933323327707,0.12418396312814783,0.004660157066873616,,,,,,,,,,
MA0000037350,UPLINE CAPITAL GARANTI,UPLINE CAPITAL MANAGEMENT,CONTRACTUEL,592470837.58,,TMP INTERBANCAIRE,TMP,0.0015119099856539808,0.004992573879066375,0.00992795716099093,0.02007864108695756,0.07184638943140609,0.011477801368825036,0.0018494492591557168,-0.000337539273501736,0.0056097476961394785,-0.0006171738170731031,0.011222105363592994,-0.0012941482026020638,0.022510364583333334,-0.002431723496375774,0.0757503,-0.0039039105685939185
MA0000037392,FCP CAPITAL OBLIGATIONS BANQUES,BMCE CAPITAL GESTION,OCT,2021231348.03,0.8,90% MBI CT + 10% MBI MT,90% MBI CT + 10% MBI MT,0.002212081674823896,0.006980582136630442,0.015147754335357089,0.024057982783823206,0.10261585543573304,0.014848198297889637,,,,,,,,,,
MA0000037400,CFG TRADER,CFG GESTION,ACTIONS,3032705.88,,-,-,-0.03482323900202766,-0.05555555555555558,-0.11997106225634013,-0.18686868686868674,0.41868601788259685,-0.16206804178944545,,,,,,,,,,
MA0000037434,ATLAS SELECTION,ATLAS CAPITAL MANAGEMENT,ACTIONS,1665608.6,,MASI,MASI,-0.020770984751318222,-0.031877421627333424,-0.010512294344241502,-0.07239284508943633,0.5685994749457826,-0.0365267991727134,-0.015317466005329017,-0.005453518745989205,-0.045617542077769135,0.013740120450435711,-0.0441016662313608,0.0335893718871193,-0.09122383660461464,0.018830991515178308,0.4708940860761408,0.09770538886964175
MA0000037442,FCP CAPITAL IMTIYAZ TRESORERIE,BMCE CAPITAL GESTION,MONÉTAIRE,4719496748.65,0.375,MONIA CAPITALISE,MONIA,0.002785980590072512,0.007526864271645728,0.01499165608788422,0.027355205703049057,0.0982025410874856,0.016333463470884046,0.0018150684931506845,0.0009709120969218275,0.005508985143739148,0.0020178791279065796,0.011031856879983645,0.003959799207900575,0.022200233463035023,0.005154972240014034,0.07599452000000002,0.022208021087485583
MA0000037467,FCP MSIN ACTIONS,MAROGEST,ACTIONS,2490616.71,,MASI,MASI,-0.0270810210876804,-0.055184306962707486,-0.10886171541433098,-0.18249400479616307,0.3291599878698608,-0.13572213301783154,-0.015317466005329017,-0.011763555082351385,-0.045617542077769135,-0.00956676488493835,-0.0441016662313608,-0.06476004918297018,-0.09122383660461464,-0.09127016819154843,0.4708940860761408,-0.14173409820628002
MA0000037475,EMERGENCE SÉRÉNITÉ,VALORIS MANAGEMENT,OMLT,867229464.1,3.0999999999999996,MBI GLOBAL,MBI GLOBAL,0.0004925845257242045,-0.0027330162561227667,8.305253666174295e-05,-0.013309453574940289,0.15205149933028994,-0.011336246078057721,,,,,,,,,,
MA0000037483,CAPITAL TRUST OBLIG COURT TERME,CAPITAL TRUST GESTION,OCT,1176902791.68,0.8,MBI CT,MBI CT,0.0028172700721882382,0.006283004783101509,0.013251578148815835,0.023300766148871777,0.09355517163674598,0.013512572749296847,,,,,,,,,,
MA0000037491,INSTIOBLIGATIONS,CIH CAPITAL MANAGEMENT,OMLT,209999738.43,4.0,MBI MT,MBI MT,0.0014274733721313382,0.0011320366368221535,0.0072617831405141775,0.0013037809647979959,0.12844228255910184,0.0016405708362794424,,,,,,,,,,
MA0000037509,INSTIOBLIGATIONS ETAT,CIH CAPITAL MANAGEMENT,OMLT,17420779.68,3.0999999999999996,MBI,MBI,0.0014580591262680631,0.0022400656244578876,0.010746529849262165,-0.0282130702458796,0.00985487895983339,0.00486354398146327,,,,,,,,,,
MA0000037517,CFG TRESOCORP,CFG GESTION,MONÉTAIRE,136510289.68,0.25,CFG BONDS MONETAIRE,CFG BONDS MONETAIRE,0.0009965464468446594,0.0032330160181481826,0.006751140862653493,0.053113925342374246,0.03881575597299425,0.007256194574751795,,,,,,,,,,
MA0000037541,CFG RENTABILITE,CFG GESTION,ACTIONS,501930015.28,,CFG 25 FLOTTANT,CFG 25 FLOTTANT,-0.020814748736247446,-0.09013041556145007,-0.12429528773534737,-0.19316901063360603,0.1856412472096205,-0.15425313334703106,,,,,,,,,,
MA0000037616,FCP EMERGENCE BANCAIRES,VALORIS MANAGEMENT,OCT,1656465067.56,0.8,MBI CT,MBI CT,0.0022764091391542784,0.007227867287935785,0.016321010557321713,0.02737833639922993,0.11051450676982588,0.016637744802918242,,,,,,,,,,
MA0000037624,AD YIELD FUND,AD CAPITAL ASSET MANAGEMENT,OCT,1297891155.47,0.8,MBI CT,MBI CT,0.0024079631120543787,0.0075478360662972754,0.017699904144095946,0.027264408508595572,0.11314390676051289,0.017442853852954077,,,,,,,,,,
MA0000037632,AD FIXED INCOME FUND,AD CAPITAL ASSET MANAGEMENT,MONÉTAIRE,291402649.49,0.25,MBI CT,MBI CT,0.0018948876547300042,0.006297628718424875,0.013282540276089883,0.024084717738760864,0.09199822014759351,0.014428438842917224,,,,,,,,,,
MA0000037640,AD BALANCED FUND,AD CAPITAL ASSET MANAGEMENT,DIVERSIFIÉ,465349268.78,,50% MASI + 50% MBI MLT,50% MASI + 50% MBI MLT,-0.016756975929816842,-0.03561176308958258,-0.05278931856113056,-0.1169171687744156,0.3552412307442183,-0.08428540041744481,,,,,,,,,,
MA0000037657,CAPITAL TRUST ACTIONS,CAPITAL TRUST GESTION,ACTIONS,663831201.3,,MASI,MASI,-0.02418577843538705,-0.04770519741094892,-0.06684353405725563,-0.15222436053138022,0.4397342251724554,-0.10508149644192688,-0.015317466005329017,-0.008868312430058034,-0.045617542077769135,-0.002087655333179783,-0.0441016662313608,-0.022741867825894824,-0.09122383660461464,-0.06100052392676558,0.4708940860761408,-0.031159860903685388
MA0000037673,FCP CAPITAL MONETAIRE PLUS,BMCE CAPITAL GESTION,MONÉTAIRE,204992146.07,0.25,MONIA CAPITALISE,MONIA,0.003582084913283934,0.007119241445993518,0.012241859007014355,0.021835961296549744,0.07672107641262471,0.013441197702520169,0.0018150684931506845,0.0017670164201332493,0.005508985143739148,0.00161025630225437,0.011031856879983645,0.0012100021270307106,0.022200233463035023,-0.00036427216648527924,0.07599452000000002,0.0007265564126246876
MA0000037707,BMCI ISR,CIH CAPITAL MANAGEMENT,DIVERSIFIÉ,1140833.03,,50% MBI MT + 50% MASI,50% MBI MT + 50% MASI,-0.0021525950729491816,-0.002391200382591996,-0.01106194690265494,-0.04011043791701807,0.09750964573833731,-0.02621955963588274,,,,,,,,,,
MA0000037715,CAPITAL RENDEMENT,BMCE CAPITAL GESTION,OCT,4203203857.72,0.8,MBI CT,MBI CT,0.003230735138035179,0.008141769936397258,0.01730275685073268,0.027175275952249223,0.11018469520773366,0.0171383523847064,,,,,,,,,,
MA0000037723,FCP CAPITAL COMBO,BMCE CAPITAL GESTION,OMLT,2615149244.91,3.0999999999999996,50% MBI CT + 50% MBI MT,50% MBI CT + 50% MBI MT,0.00015458885523034205,0.0027831102986177747,0.007828639275887284,8.977032561863219e-05,0.17624065080049456,-0.0011742878068116136,,,,,,,,,,
MA0000037749,FCP CAPITAL GLOBAL MACRO,BMCE CAPITAL GESTION,DIVERSIFIÉ,34186742.93,,80% MBI GLOBAL + 20% MASI,80% MBI GLOBAL + 20% MASI,-0.005833241272217182,-0.00923596582073627,-0.0104950027321572,-0.04259454554336117,0.22816466224455145,-0.026293102003159374,,,,,,,,,,
MA0000037756,FCP CAPITAL AFRIQUE,BMCE CAPITAL GESTION,ACTIONS,1184047.3,,MASI,MASI,-0.023874232922624805,-0.025493279131752034,-0.041121865625176945,-0.09516348713200928,0.6822323179662866,-0.07354710514802387,-0.015317466005329017,-0.008556766917295788,-0.045617542077769135,0.020124262946017102,-0.0441016662313608,0.0029798006061838578,-0.09122383660461464,-0.003939650527394645,0.4708940860761408,0.21133823189014578
MA0000037798,CDM OBLIG PLUS,WAFA GESTION,OCT,2730373711.6,0.8,MBI CT,MBI CT,0.0022297025145290306,0.006857283244094736,0.015212671397554889,0.024581063096052125,0.10043474998914137,0.01511652472917735,,,,,,,,,,
MA0000037814,CFG CASH SECURE,CFG GESTION,MONÉTAIRE,485925456.55,0.25,CFG BONDS MONETAIRE,CFG BONDS MONETAIRE,0.0016686759974131604,0.00554638282865505,0.011333956727823669,0.020763835776935302,0.08061223610883816,0.012648214963153048,,,,,,,,,,
MA0000037830,CAPITAL TRUST INSTITUTIONS,CAPITAL TRUST GESTION,OMLT,356370713.99,3.0999999999999996,MBI MT,MBI MT,-0.0008299156386724071,-0.0052941459579999295,-0.007181572900570865,-0.026495317198012236,0.10039754374755949,-0.01782093524268158,,,,,,,,,,
MA0000037871,IRGAM OBLIRENDEMENT,IRG ASSET MANAGEMENT,OMLT,719601048.79,3.5,MBI GLOBAL,MBI GLOBAL,0.0014247269273388596,-0.0003160556257901792,0.0015832805573148256,-0.008774678784080225,0.12312472259209928,-0.00581486720100588,,,,,,,,,,
MA0000037889,FCP IRGAM OBLIBANQUES,IRG ASSET MANAGEMENT,OCT,1634202807.22,0.8,MBI CT,MBI CT,0.002564295949920803,0.0075797771545516035,0.017139796464917145,0.029188603282750192,0.10885885885885904,0.017996630418134485,,,,,,,,,,
MA0000037939,ATTIJARI FINANCES CORP RENDEMENT,WAFA GESTION,DIVERSIFIÉ,429337771.63,,75% MBI MLT + 25% MASI,75% MBI MLT + 25% MASI,-0.03023224569557359,-0.033227806998536225,-0.009424875196462512,-0.014229210173277829,0.5228872311479138,-0.018715375991858352,,,,,,,,,,
MA0000037947,FCP CAPITAL LONG/SHORT,BMCE CAPITAL GESTION,DIVERSIFIÉ,1607079.93,,MONIA Capitalisé +50 pts de base,MONIA CAPITALISÉ + 50 PTS DE BASE,-0.004439086654375313,-0.011330746533523839,-0.011268081749933101,-0.036946083138976515,0.19994871794871805,-0.024899464505240276,,,,,,,,,,
MA0000037954,CAPITAL TRUST TRÉSORERIE,CAPITAL TRUST GESTION,MONÉTAIRE,3975563.95,0.25,Taux Repo,TAUX REPO,0.0025673640428569566,0.007504763995953567,0.01477824730460875,0.026379280042181374,0.09400865152082849,0.016158756020975495,,,,,,,,,,
MA0000037962,CAPITAL TRUST CASH PLUS,CAPITAL TRUST GESTION,OCT,1721034245.71,0.8,MBI CT,MBI CT,0.0028550815847236954,0.007999753141658239,0.017616273636335444,0.028436951508425734,0.11120938182993312,0.017774800598205465,,,,,,,,,,
MA0000037988,CAPITAL TRUST DIVERSIFIÉ,CAPITAL TRUST GESTION,DIVERSIFIÉ,692887206.18,,70% MBI GLOBAL + 30% MASI,70% MBI GLOBAL + 30% MASI,-0.014945890611289703,-0.03312256425346827,-0.050787745553958374,-0.11398449163745417,0.2442712133667071,-0.08041802903813722,,,,,,,,,,
MA0000037996,CAPITAL TRUST RENDEMENT,CAPITAL TRUST GESTION,OMLT,676917699.73,5.0,MBI GLOBAL,MBI GLOBAL,0.0006257822277846437,0.0019968918670520974,0.010737372630656328,-0.00034176349965830966,0.11476217477388717,0.0021476083831935,,,,,,,,,,
MA0000038002,CFG LIQUID BONDS,CFG GESTION,OCT,1102444062.57,0.8,CFG BONDS CT,CFG BONDS CT,0.002248310589129776,0.007726175143579317,0.01697048138816082,0.027680007480204383,0.11527295534448379,0.01679508738765212,,,,,,,,,,
MA0000038051,CAPITAL TRUST OBLIG PLUS,CAPITAL TRUST GESTION,OMLT,308845629.36,4.0,70% MBI MT + 30% MBI MLT,70% MBI MT + 30% MBI MLT,0.0027917072075442917,0.01321889061141146,0.030749465327035264,0.03495342118679412,0.2289087006769026,0.02683915665882397,,,,,,,,,,
MA0000038077,CAPITAL TRUST ÉQUILIBRE,CAPITAL TRUST GESTION,DIVERSIFIÉ,707895683.31,,70% MBI Global + 30% MASI,70% MBI GLOBAL + 30% MASI,-0.01571683286006731,-0.02441419033904957,-0.05223667058786108,-0.1117864831243901,0.22951918417009542,-0.08262103878318794,,,,,,,,,,
MA0000038085,MONETAIRE PLUS,ATLAS CAPITAL MANAGEMENT,OCT,76763020.06,,-,-,,,,,,,,,,,,,,,,
MA0000038093,FCP EMERGENCE DIVERSIFIÉ,VALORIS MANAGEMENT,DIVERSIFIÉ,869198663.67,,80% MBI GLOBAL + 20% MASI,80% MBI GLOBAL + 20% MASI,-0.0057264957264956395,-0.012112836982367203,-0.019680997763000474,-0.09459927971528226,0.2625851011346818,-0.037061284690867446,,,,,,,,,,
MA0000038101,FCP EMERGENCE INSTITUTIONS,VALORIS MANAGEMENT,OMLT,1621081581.21,,-,-,,,,,,,,,,,,,,,,
MA0000038119,FCP EMERGENCE TRESOR PLUS,VALORIS MANAGEMENT,OCT,821578019.24,0.8,MBI CT,MBI CT,0.0017525151071762224,0.005568002655381266,0.011890745426154536,0.01948428889917131,0.08150971012423236,0.0122034747744737,,,,,,,,,,
MA0000038127,FCP EMERGENCE TRESOR,VALORIS MANAGEMENT,MONÉTAIRE,427814985.48,0.25,TMP au jour le jour,TMP,0.001389492707294604,0.004283112908327613,0.009409075676465317,0.018820141888258757,0.07419667514036488,0.010450983596686836,0.0018494492591557168,-0.0004599565518611129,0.0056097476961394785,-0.0013266347878118654,0.011222105363592994,-0.0018130296871276767,0.022510364583333334,-0.0036902226950745777,0.0757503,-0.0015536248596351304
MA0000038143,CFG Profil Equilibré,CFG GESTION,DIVERSIFIÉ,13150066.33,,25% CFG 25 FLOTTANT + 75% MBI MT,25% CFG 25 FLOTTANT + 75% MBI MT,-0.004693843339334314,-0.002920624721627907,-0.011330562835753955,-0.02901776191356542,0.18933442491595387,-0.02168586657496563,,,,,,,,,,
MA0000038150,CFG Profil Offensif,CFG GESTION,ACTIONS,4300181.74,,80% CFG 25 FLOTTANT + 20% MBI GLOBAL,80% CFG 25 FLOTTANT + 20% MBI GLOBAL,-0.025564687975646927,-0.037889079913918544,-0.07856739858835449,-0.14082722709826334,0.3802021351822149,-0.10749576195574584,,,,,,,,,,
MA0000038168,CFG PROFIL PRUDENT,CFG GESTION,OMLT,20994146.12,1.55,95% MBI MT + 5% CFG 25 FLOTTANT,95% MBI MT + 5% CFG 25 FLOTTANT,-0.0023105281935407174,-0.0002213218018999319,0.0026292875313720376,-0.0070088519517411685,0.1044138942696482,-0.0072606479642292054,,,,,,,,,,
MA0000038176,CFG Profil Conservateur,CFG GESTION,OMLT,85196895.09,2.55,50% MBI CT + 50% MBI MT,50% MBI CT + 50% MBI MT,0.001957546768345475,0.006102042560464982,0.01379583541447782,0.01947607707295962,0.0859246003560592,0.013342055881694792,,,,,,,,,,
MA0000038184,CFG Profil Dynamique,CFG GESTION,DIVERSIFIÉ,5236958.12,,60% MBI GLOBAL + 40% CFG 25,60% MBI GLOBAL + 40% CFG 25,-0.008596998604336714,-0.011562269131180192,-0.03537704481978987,-0.06822315530402923,0.2639713098590257,-0.05657522711558083,,,,,,,,,,
MA0000038200,FCP EMERGENCE OBLIRENDEMENT,VALORIS MANAGEMENT,OMLT,4702296790.33,3.0999999999999996,MBI GLOBAL,MBI GLOBAL,-0.004758594435341101,0.0013906005395862842,0.0022919722629684003,-0.010417609545361084,0.1439619500594529,-0.006854462420203489,,,,,,,,,,
MA0000038259,CAPITAL TRUST CROISSANCE,CAPITAL TRUST GESTION,DIVERSIFIÉ,1252614946.2,,75% MBI GLOBAL + 25% MASI,75% MBI GLOBAL + 25% MASI,-0.012217040330952389,-0.019320550389564484,-0.041964084454128914,-0.09346538595530784,0.24128699376947038,-0.06753693140266204,,,,,,,,,,
MA0000038267,CAPITAL TRUST OBLIG PREMIUM,CAPITAL TRUST GESTION,OMLT,647906253.88,3.0999999999999996,90% MBI MT + 10%  MBI MLT,90% MBI MT + 10% MBI MLT,0.003141246923845875,0.001442190788425446,0.0029138116350932997,-0.017860813933408437,0.1317634795792666,-0.00873945953123978,,,,,,,,,,
MA0000038283,CAPITAL TRUST OPPORTUNITÉ,CAPITAL TRUST GESTION,OMLT,645479279.79,3.0999999999999996,50% MBI MT + 50% MBI MLT,50% MBI MT + 50% MBI MLT,0.0009635856398209075,0.002361785031612884,0.011255435336875008,0.0039301953132191425,0.09642042199012879,0.005299636859665613,,,,,,,,,,
MA0000038291,ATLAS PERFORMANCE,ATLAS CAPITAL MANAGEMENT,DIVERSIFIÉ,577766.86,,25% MASI RB + 75 % MBI Global,25% MASI RB + 75 % MBI GLOBAL,-0.01579611236874867,-0.015927636579274762,-0.017109774511357867,-0.053342010750355384,0.2130215893998828,-0.03783430647993136,,,,,,,,,,
MA0000038309,CFG SECURE BONDS,CFG GESTION,OMLT,800389456.93,4.0,MBI GLOBAL,MBI GLOBAL,-0.0028976446117037202,-0.0034308512236301825,0.0010018467777950235,-0.01249121804260589,0.16579509671614923,-0.009755573333970258,,,,,,,,,,
MA0000038317,CFG SOVEREIGN BONDS,CFG GESTION,OMLT,2510473890.85,4.0,MBI GLOBAL,MBI GLOBAL,6.716006930918006e-05,-0.0015957518136591187,0.0002955717970765104,-0.004173019821844148,0.1822786820166733,-0.004372768483973166,,,,,,,,,,
MA0000038333,IRGAM SECURIFINANCE,IRG ASSET MANAGEMENT,MONÉTAIRE,748442448.24,0.25,MONIA,MONIA,0.0027672955974842317,0.0074136478517270454,0.015368939458266118,0.026437768240343384,0.1894956729334527,0.016059138414478813,0.0018150684931506845,0.0009522271043335472,0.005508985143739148,0.0019046627079878971,0.011031856879983645,0.004337082578282473,0.022200233463035023,0.004237534777308361,0.07599452000000002,0.11350115293345268
MA0000038341,OBLIG INSTITUTIONS,IRG ASSET MANAGEMENT,OMLT,600149835.98,5.1,MBI GLOBAL,MBI GLOBAL,0.00023452157598491397,0.0013304116450147951,0.009069400630914881,-0.00528648060328063,0.18560044477390658,0.0003909304143863146,,,,,,,,,,
MA0000038358,IRGAM BALANCE,IRG ASSET MANAGEMENT,DIVERSIFIÉ,894464901.71,,50% MASI + 50% MBI GLOBAL,50% MASI + 50% MBI GLOBAL,-0.012800652262535683,-0.01864159507213481,-0.03383338653048196,-0.0934411500449237,0.29677626646674504,-0.061759008136381355,,,,,,,,,,
MA0000038366,FCP CAPITAL OBLIGATIONS,BMCE CAPITAL GESTION,OMLT,2343749630.85,5.0,MBI GLOBAL,MBI GLOBAL,0.001049207848074607,0.0012350661930899953,0.008029582673005686,-0.0009906891330262457,0.18954818786024585,0.00021773140009351266,,,,,,,,,,
MA0000038374,FCP CAPITAL OPPORTUNITE,BMCE CAPITAL GESTION,DIVERSIFIÉ,1015511.45,,75% MBI + 25% MASI.,75% MBI + 25% MASI.,-0.005106024649774055,-0.006793935132821671,-0.019591128545564107,-0.051960083451264016,0.2425592534873271,-0.03606156128314475,,,,,,,,,,
MA0000038382,FCP CAPITAL OBLIGATIONS BANQUES PLUS,BMCE CAPITAL GESTION,OCT,105421069.02,0.8,90% MBI CT + 10% MBI MT,90% MBI CT + 10% MBI MT,0.002448099480387045,0.007831983178758328,0.017869489349092937,0.029521216813606754,0.11115803471947672,0.018666029638294335,,,,,,,,,,
MA0000038390,FCP CAPITAL DIVERSIFIES,BMCE CAPITAL GESTION,DIVERSIFIÉ,1025323.87,,75% MBI + 25% MASI.,75% MBI + 25% MASI.,-0.004200141196236018,-0.0064819272811569295,-0.016765051045168566,-0.04824906047147248,0.09129459695031761,-0.033077930980623615,,,,,,,,,,
MA0000038408,FCP ALPHA PERFORMANCE FUND,RED MED ASSET MANAGEMENT,DIVERSIFIÉ,1399413214.02,,70% MBI GLOBAL + 30% MASI,70% MBI GLOBAL + 30% MASI,-0.011589127897281948,-0.027858537967228814,-0.037736405965215325,-0.090385943374511,0.2760658753534979,-0.06110503124730016,,,,,,,,,,
MA0000038416,FCP ALPHA GLOBAL,RED MED ASSET MANAGEMENT,OCT,1399851621.9,0.8,MBI CT,MBI CT,0.002157970159318845,0.006877043210190115,0.01532995704195872,0.023925999931098563,0.10229664450687492,0.015087218982402284,,,,,,,,,,
MA0000038424,FCP AFRICAPITAL DIVERSIFIE,AFRICAPITAL MANAGEMENT,DIVERSIFIÉ,297074061.62,,50% MBI MLT + 50% MASI,50% MBI MLT + 50% MASI,-0.010664380625803771,-0.019581857260578817,-0.024957755998648135,-0.10948037717795589,0.19756763207322003,-0.04844906911165714,,,,,,,,,,
MA0000038432,FCP AFRICAPITAL CASH PLUS,AFRICAPITAL MANAGEMENT,OCT,1403070675.67,0.8,MBI CT,MBI CT,0.0018564637692415342,0.005809011610880432,0.014050887722354188,0.022256051393769516,0.10161636120018902,0.013889397142934579,,,,,,,,,,
MA0000038440,FCP ALPHA MONETAIRE PROTECTION,RED MED ASSET MANAGEMENT,MONÉTAIRE,17473017.96,0.25,MBI MONETAIRE,MBI MONETAIRE,0.0020251563728339583,0.0069295368287281,0.01405223106191622,0.026173932828114976,0.09567857977108152,0.01535171267273916,,,,,,,,,,
MA0000038499,UPLINE SECURE PLUS,UPLINE CAPITAL MANAGEMENT,OMLT,3949839577.77,3.0999999999999996,MBI MT,MBI MT,0.0011414349467901985,0.002268255591163948,0.009327276660177297,0.00426143700821302,0.14721096731049133,0.0019153139225285276,,,,,,,,,,
MA0000038515,UPLINE OBLIG DYNAMIQUE,UPLINE CAPITAL MANAGEMENT,OCT,1015947939.12,0.8,65% TMP + 35% MBI MT,65% TMP + 35% MBI MT,0.002667006412706563,0.007699727692557223,0.01853305838603636,0.030266798160253572,0.10478980271777782,0.018893492145693136,,,,,,,,,,
MA0000038523,CAPITAL TRUST SÉRÉNITÉ,CAPITAL TRUST GESTION,OMLT,625778354.43,3.0999999999999996,50% MBI MT + 50% MBI MLT,50% MBI MT + 50% MBI MLT,0.002414692022325582,-0.004489105000249016,0.0012434904526639201,-0.00608084038208212,0.16927050338677452,-0.006549965221423704,,,,,,,,,,
MA0000038531,CAPITAL TRUST SECURIPLUS,CAPITAL TRUST GESTION,OCT,1034226.3,0.8,MBI CT,MBI CT,0.001395544789088543,0.004525484464557694,0.008218233875029846,0.011893358876117643,0.06322920937861132,0.007835273748741267,,,,,,,,,,
MA0000038564,FCP EMERGENCE SELECTION,VALORIS MANAGEMENT,ACTIONS,239607762.7,,MASI,MASI,-0.012393694529076793,-0.04831783670072354,-0.05257486186581539,-0.11076654437197953,0.5297477860490309,-0.08016127997473221,-0.015317466005329017,0.0029237714762522238,-0.045617542077769135,-0.0027002946229544023,-0.0441016662313608,-0.008473195634454589,-0.09122383660461464,-0.019542707767364886,0.4708940860761408,0.05885369997289014
MA0000038572,FCP EMERGENCE ALLOCATION,VALORIS MANAGEMENT,DIVERSIFIÉ,727477965.84,,80% MBI GLOBAL + 20% MASI,80% MBI GLOBAL + 20% MASI,-0.00792760774300405,-0.02111740973392573,-0.062392995157266484,-0.12878960047270582,0.09416029227080713,-0.08645711698400982,,,,,,,,,,
MA0000038606,TWIN CASH,TWIN CAPITAL GESTION,MONÉTAIRE,391172118.91,0.25,MONIA,MONIA,0.0017556240210674368,0.005980468412410289,0.013081053795072073,0.024602357249113194,0.09464161447459962,0.014246255456707768,0.0018150684931506845,-5.944447208324779e-05,0.005508985143739148,0.00047148326867114086,0.011031856879983645,0.0020491969150884283,0.022200233463035023,0.0024021237860781704,0.07599452000000002,0.0186470944745996
MA0000038614,TWIN BOND,TWIN CAPITAL GESTION,OMLT,161873815.85,3.0999999999999996,MBI MT,MBI MT,-0.0011517865584790288,-0.006650425268196702,0.00407828228280116,-0.00979915982855728,0.0631833194572784,-0.004642438050861286,,,,,,,,,,
MA0000038655,TWIN TREASURY,TWIN CAPITAL GESTION,OCT,538402179.79,0.8,MBI CT,MBI CT,0.0022295790824944373,0.007547778541894923,0.017421124828532086,0.026396817159660912,0.11024623905396291,0.016967744146985098,,,,,,,,,,
MA0000038713,OBLIGATAIRE PLUS,ATLAS CAPITAL MANAGEMENT,OMLT,78133382.12,3.0999999999999996,MBI,MBI,0.0014955812372534627,0.00224505068371994,0.0070408093512885905,0.00731623931623937,0.22308011623080115,0.0015636685022775154,,,,,,,,,,
MA0000038754,FCP EMERGENCE OBLIG COURT TERME,VALORIS MANAGEMENT,OCT,670825879.77,0.8,MBI CT,MBI CT,0.002584134615384537,0.0072276894681007064,0.016220402551406554,0.026592003938253894,0.10686596022974992,0.01636191155864619,,,,,,,,,,
MA0000038762,FCP EMERGENCE TRESORERIE,VALORIS MANAGEMENT,MONÉTAIRE,1117259587.44,0.25,MONIA,MONIA,0.0018761726078799779,0.006053205407762885,0.012873425947066197,0.025599075267860982,0.09679075738125809,0.014396651041712616,0.0018150684931506845,6.110411472929332e-05,0.005508985143739148,0.0005442202640237367,0.011031856879983645,0.0018415690670825526,0.022200233463035023,0.003398841804825959,0.07599452000000002,0.020796237381258062
MA0000038812,FCP SERENITE CT,CDG CAPITAL GESTION,OCT,30472947.9,0.8,80% MBI CT + 20% MBI MT,80% MBI CT + 20% MBI MT,0.0013541515195578668,0.0047327241888712734,0.01056599620284504,0.017030350022153362,0.06901269065083238,0.01077922316202784,,,,,,,,,,
MA0000038820,DAILY EQUITY FUND,CDG CAPITAL GESTION,ACTIONS,849249.09,,100% MASI RB,100% MASI RB,-0.035619402271104716,-0.049890517828917735,-0.10954594256669503,-0.18212854664153488,0.2937209991114622,-0.1573088622084461,,,,,,,,,,
MA0000038895,CFG INSTICASH,CFG GESTION,MONÉTAIRE,284357167.87,0.25,TMP INTERBANCAIRE,TMP,0.002161848644230968,0.006773623259417105,0.013977619803406505,0.02574308188404828,0.09438090645400443,0.015311471250091913,0.0018494492591557168,0.0003123993850752513,0.0056097476961394785,0.0011638755632776268,0.011222105363592994,0.002755514439813511,0.022510364583333334,0.0032327173007149455,0.0757503,0.018630606454004425
MA0000038929,FCP OCT DYNAMIQUE,CDG CAPITAL GESTION,OCT,1018914.79,0.8,90% MBI CT + 10% MBI MT,90% MBI CT + 10% MBI MT,0.0014765232798503725,0.0052095496434154676,0.010774830429638449,0.017816379427948004,0.07347439906382491,0.010911784365797761,,,,,,,,,,
MA0000038945,FCP MONETAIRE DYNAMIQUE,CDG CAPITAL GESTION,MONÉTAIRE,283368028.35,0.25,50% MONIA + 50% MBI CT,50% MONIA + 50% MBI CT,0.0017044333207745233,0.005719226508389852,0.011522574099572358,0.021479014965787302,0.07490157196076375,0.012834583533637645,,,,,,,,,,
MA0000038952,AFG CASH MANAGEMENT,AFG ASSET MANAGEMENT,MONÉTAIRE,644226663.02,0.25,MONIA,MONIA,0.001963072426466761,0.006744651124565015,0.014134724176946278,0.026766355975770706,0.10020298064199373,0.015715604495226687,0.0018150684931506845,0.0001480039333160764,0.005508985143739148,0.001235665980825867,0.011031856879983645,0.0031028672969626338,0.022200233463035023,0.004566122512735683,0.07599452000000002,0.02420846064199371
MA0000038960,AFG LIQUIDITY FUND,AFG ASSET MANAGEMENT,OCT,1331451083.44,0.8,MBI CT,MBI CT,0.0022226860064697984,0.007949792990538995,0.017636432026362003,0.029261888814467563,0.11753925635461338,0.018424164020126144,,,,,,,,,,
MA0000038978,AFG INCOME FUND,AFG ASSET MANAGEMENT,OMLT,287337198.22,5.0,MBI GLOBAL,MBI GLOBAL,-0.0027215964486485555,-0.00569171268432922,-0.009142734658713736,-0.029136526476919777,0.1748671805123141,-0.02123821739041909,,,,,,,,,,
MA0000038986,AFG OPTIMAL FUND,AFG ASSET MANAGEMENT,DIVERSIFIÉ,732421807.39,,70% MBI GLOBAL + 30% MASI,70% MBI GLOBAL + 30% MASI,-0.013883589762596737,-0.020796304033911528,-0.03783948214281918,-0.09943931858093447,0.2796766737114902,-0.06508015907794329,,,,,,,,,,
MA0000038994,AFG DYNAMIC FUND,AFG ASSET MANAGEMENT,ACTIONS,10330450.48,,MASI,MASI,-0.026530563571752208,-0.03179083801427063,-0.0387137191359479,-0.13607616370624998,0.5026349842710858,-0.0782252664550609,-0.015317466005329017,-0.011213097566423191,-0.045617542077769135,0.013826704063498507,-0.0441016662313608,0.005387947095412904,-0.09122383660461464,-0.044852327101635336,0.4708940860761408,0.031740898194944966
MA0000039000,UPLINE RETAIL SERENITE PLUS,UPLINE CAPITAL MANAGEMENT,OMLT,974433.3,3.0999999999999996,75% MBI CT + 25% MBI MT,75% MBI CT + 25% MBI MT,0.0013345973657810095,0.00776256553717336,0.015693999682572457,0.01747986869055307,0.09414568897024078,0.011999776748339741,,,,,,,,,,
MA0000039018,UPLINE RETAIL SERENITE,UPLINE CAPITAL MANAGEMENT,OCT,1014104.1,0.8,85% MBI CT + 15% MBI MT,85% MBI CT + 15% MBI MT,0.0016092723015306287,0.00510778051966887,0.011365503642438268,0.01783253403891716,0.07862838449630516,0.011430136486054732,,,,,,,,,,
MA0000039059,WG VALEURS,WAFA GESTION,ACTIONS,141999596.2,,MASI RB,MASI RB,-0.016977393497253024,-0.00606884529322993,0.019420649534331424,0.003059007332427477,0.5825815873147391,0.00997395798908074,-0.002069101007473817,-0.014908292489779207,-0.02469255142485194,0.01862370613162201,-0.022401755111186805,0.04182240464551823,-0.06795884607308755,0.07101785340551503,0.593549539999763,-0.01096795268502393
MA0000039067,WG TAYSSIR,WAFA GESTION,ACTIONS,75042066.76,,MASI RB,MASI RB,-0.023525245026256414,-0.03959082778994749,0.011179134163716187,-0.041138859535306826,0.5422439759036144,0.0009914470239134054,-0.002069101007473817,-0.021456144018782597,-0.02469255142485194,-0.014898276365095553,-0.022401755111186805,0.03358088927490299,-0.06795884607308755,0.026819986537780727,0.593549539999763,-0.051305564096148615
MA0000039075,FCP OBLIG OPPORTUNITES,IRG ASSET MANAGEMENT,OMLT,252228529.57,3.0999999999999996,MBI MT,MBI MT,-0.0017257909875358912,-0.0019171779141102796,-9.603380389888727e-05,-0.0139217728951605,0.10098339854076355,-0.009607153048606376,,,,,,,,,,
MA0000039083,FCP OBLIG LONG TERM,IRG ASSET MANAGEMENT,OMLT,591935.58,6.0,80% MBI MLT+20% MBI LT,80% MBI MLT + 20% MBI LT,0.0003525471531817814,-0.0037742473448609815,-0.004036504036504018,-0.01791122263563205,0.31609461966604835,-0.011324041811846652,,,,,,,,,,
MA0000039091,CAPITAL TRUST EQUITY,CAPITAL TRUST GESTION,ACTIONS,39943238.02,,MASI,MASI,-0.023955553364832904,-0.03063129847333057,-0.08248992209064498,-0.16713634205988215,0.47358181663548216,-0.11532422772530004,-0.015317466005329017,-0.008638087359503888,-0.045617542077769135,0.014986243604438565,-0.0441016662313608,-0.03838825585928418,-0.09122383660461464,-0.07591250545526751,0.4708940860761408,0.0026877305593413503
MA0000039109,UPLINE PROTECTION DYNAMIQUE,UPLINE CAPITAL MANAGEMENT,DIVERSIFIÉ,997094.69,,-,-,-0.005762945123000018,-0.012709475734125841,-0.012118829481744697,-0.025987158096971497,0.1566633978425762,-0.018752281428535023,,,,,,,,,,
MA0000039117,CAM OBLIBANQUES,MAROGEST,OCT,674827580.96,0.8,85% MBI CT + 15% MBI MT,85% MBI CT + 15% MBI MT,0.0020222181369329295,0.006710701061574786,0.016112279954193065,0.02699792737745943,0.10867670134247676,0.01600404761270724,,,,,,,,,,
MA0000039125,CAM OBLIRENDEMENT,MAROGEST,OMLT,360555097.78,3.0999999999999996,100% MBI MT,100% MBI MT,-0.002390202776111905,-0.003983095707107864,-0.00040931852819514614,-0.007454168107921211,0.13640459005356376,-0.010159025837386593,,,,,,,,,,
MA0000039133,CKG ISR SELECTION,CDG CAPITAL GESTION,ACTIONS,866182.5,,ESG 10,ESG 10,-0.021323197835469987,-0.034764652935881823,-0.03759779544518704,-0.10960897892999133,0.028884900612915265,-0.07377149128155103,,,,,,,,,,
MA0000039141,AD SELECT BANQUES,AD CAPITAL ASSET MANAGEMENT,OCT,615252370.85,0.8,MBI CT,MBI CT,0.002395992158571225,0.007496015552480806,0.01654929888581602,0.028104195522988373,0.1151065190842655,0.016899715391822223,,,,,,,,,,
MA0000039158,AD COMPACT OBLIGATAIRE,AD CAPITAL ASSET MANAGEMENT,OMLT,1075794439.75,5.5,MBI GLOBAL,MBI GLOBAL,-0.0015932343518552106,-0.0054048952908777315,-0.0032071123951025182,-0.018066472421737534,0.18616477040189894,-0.012697790873941961,,,,,,,,,,
MA0000039166,CAPITAL TRUST PATRIMOINE,CAPITAL TRUST GESTION,DIVERSIFIÉ,965778.3,,25% MASI + 30% MBI GLOBAL + 45% MBI MLT,25% MASI + 30% MBI GLOBAL + 45% MBI MLT,-0.017284301338935326,-0.02632495092774334,-0.041189514070227196,-0.0864733762352844,0.34914248765818545,-0.06751177572214972,,,,,,,,,,
MA0000039174,CAPITAL TRUST HORIZON,CAPITAL TRUST GESTION,OMLT,981281.42,5.0,MBI GLOBAL,MBI GLOBAL,0.000952398737604776,0.003388307531028145,0.012572141042231477,0.004667203988678814,0.09272907046675427,0.005619084248740691,,,,,,,,,,
MA0000039190,TWIN BOND TRESOR,TWIN CAPITAL GESTION,OMLT,173780080.33,5.0,MBI GLOBAL,MBI GLOBAL,-0.0006702646239553633,-0.005457711399686316,-0.008335636790823053,-0.03307504421797358,0.14612742846874194,-0.01799721145868083,,,,,,,,,,
MA0000039208,TWIN OPPORTUNITY,TWIN CAPITAL GESTION,DIVERSIFIÉ,1016319.84,,30% MASI + 70% MBI,30% MASI + 70% MBI,-0.014984080993211246,-0.03732270890098033,-0.04856935981190558,-0.12144568900107433,0.15675723795487584,-0.07949089306235535,,,,,,,,,,
MA0000039216,FCP CAPITAL ISR,BMCE CAPITAL GESTION,DIVERSIFIÉ,1292333.21,,75% MBI GLOBAL + 25% MASI ESG,75% MBI GLOBAL + 25% MASI ESG,-0.005361430818911939,-0.012583570802279676,-0.030507859002037785,-0.09617772092848265,0.21863111441759808,-0.05882852236593816,,,,,,,,,,
MA0000039232,CAPITAL RENDEMENT PLUS,BMCE CAPITAL GESTION,OMLT,1037662.3,3.05,MBI GLOBAL,MBI GLOBAL,0.0019266625233065326,0.0037357574248180203,0.007994497641846454,0.007985493912624042,0.10696173351775018,0.004915624026002874,,,,,,,,,,
MA0000039281,BMCI PREMIUM SHORT BOND DIST,CIH CAPITAL MANAGEMENT,OCT,512010.29,0.8,MBI CT,MBI CT,0.0014948800358771663,0.0047240551889622395,0.012161957999697881,0.01839325074105047,0.06484939998410555,0.011474296067034206,,,,,,,,,,
MA0000039315,CFG OPPORTUNITÉS,CFG GESTION,DIVERSIFIÉ,1061412.47,,70% MBI GLOBAL + 30% MASI,70% MBI GLOBAL + 30% MASI,-0.0014331607636008936,0.004950896185136111,0.013657316594743119,-0.012186088743399215,0.19419382793317608,0.00853845966187694,,,,,,,,,,
MA0000039323,CFG Diversifié,CFG GESTION,DIVERSIFIÉ,1085287.44,,80% MBI GLOBAL + 20% MASI RN,80% MBI GLOBAL + 20% MASI RN,-0.012666118133991544,-0.015717434172369815,-0.019430297727629164,-0.0388747754890697,0.1312168506051401,-0.047039571317412765,,,,,,,,,,
MA0000039364,PROFIL FLEXIBLE,WAFA GESTION,DIVERSIFIÉ,1350831.45,,75% MASI + 25% MBI MT,75% MASI + 25% MBI MT,-0.008841410560673335,0.002115417160263977,0.052457184933158985,-0.00017487683243777585,0.2750861326442722,0.025761269008525156,,,,,,,,,,
MA0000039398,IRGAM DISTRIEQUILIBRE,IRG ASSET MANAGEMENT,DIVERSIFIÉ,1019404.18,,30% MASI FLOTTANT + 70% MBI GLOBAL,30% MASI FLOTTANT + 70% MBI GLOBAL,-0.007229778095919737,-0.01687105692209534,-0.01302305721605479,-0.04765501613678502,0.3686963386953519,-0.03183246073298429,,,,,,,,,,
MA0000039406,IRGAM DISTRIEQUITY,IRG ASSET MANAGEMENT,ACTIONS,1063546.72,,MASI,MASI,-0.01912399753238736,-0.028236156949028257,-0.0578336098601564,-0.07299440298507465,0.5340086830680173,-0.09241395056795476,-0.015317466005329017,-0.0038065315270583433,-0.045617542077769135,0.01738138512874088,-0.0441016662313608,-0.013731943628795595,-0.09122383660461464,0.018229433619539992,0.4708940860761408,0.06311459699187649
MA0000039414,FCP EMERGENCE ACTIONS,VALORIS MANAGEMENT,ACTIONS,42125817.36,,MASI 20,MASI 20,-0.02011456340567752,-0.022827320421241915,-0.05149367304151631,-0.12097780364038047,0.6648982374863397,-0.08316145193064395,,,,,,,,,,
MA0000039448,AFG GOV BOND FUND,AFG ASSET MANAGEMENT,OMLT,1724502464.49,6.0,MBI GLOBAL,MBI GLOBAL,-0.000926776458237577,-0.004242483692186827,-0.004511020127975662,-0.026126651903136233,0.19090215861098092,-0.01633585813724381,,,,,,,,,,
MA0000039463,ATLAS LIQUIDITE,ATLAS CAPITAL MANAGEMENT,OCT,624043.7,0.8,MBI CT,MBI CT,0.0021672875042328954,0.006872618399564434,0.015370891374459683,0.025362067770771324,0.06729659549913447,0.01530122135309453,,,,,,,,,,
MA0000039497,CAPITAL IMTIYAZ GARANTI,BMCE CAPITAL GESTION,CONTRACTUEL,103144419.46,,MONIA,MONIA,0.0015695024866213547,0.0051904920055037,0.010290597312427874,0.020746008344655342,,0.011892594113882327,0.0018150684931506845,-0.0002455660065293298,0.005508985143739148,-0.0003184931382354487,0.011031856879983645,-0.0007412595675557708,0.022200233463035023,-0.001454225118379681,0.07599452000000002,
MA0000039539,ATTIJARI PRIVATE FUND,WAFA GESTION,DIVERSIFIÉ,2045552.54,,50% MASI RB + 50% MBI GLOBAL,50% MASI RB + 50% MBI GLOBAL,-0.011091528281729435,-0.01629837785891275,0.01921262756007036,0.009582050492034977,,0.01226058877808911,,,,,,,,,,
MA0000039554,AD HARMONIE DIVERSIFIÉ,AD CAPITAL ASSET MANAGEMENT,DIVERSIFIÉ,256787847.09,,50% MASI + 50% MBI MLT,50% MASI + 50% MBI MLT,-0.011041466640097197,-0.031258318101964444,-0.06308030274426346,-0.10504270561812501,,-0.09452567154029246,,,,,,,,,,
MA0000039570,AFG ACTIVE BOND FUND,AFG ASSET MANAGEMENT,OMLT,1402181406.29,6.0,95% MBI GLOBAL + 5% MASI,95% MBI GLOBAL + 5% MASI,-0.0025039524066272634,-0.00770000000000004,-0.008340071408454608,-0.02690534986761295,,-0.021575833632126118,,,,,,,,,,
MA0000039604,FCP EMERGENCE OPTIMUM,VALORIS MANAGEMENT,DIVERSIFIÉ,781393244.36,,60% MBI + 40% MASI,60% MBI + 40% MASI,-0.008759362050771546,-0.010262296767119539,-0.03323515630229579,-0.0698310979438711,,-0.05518121156613898,,,,,,,,,,
MA0000039638,FCP AFRICAPITAL RENDEMENT,AFRICAPITAL MANAGEMENT,OMLT,397809530.05,4.0,MBI GLOBAL,MBI GLOBAL,-0.0017452347291961878,-0.005401099648345675,-0.0055073674395111905,-0.022530693296164084,,-0.016663305192996636,,,,,,,,,,
MA0000039679,FCP OPTIMA EQUILIBRE,ALPHAVEST ASSET MANAGEMENT,DIVERSIFIÉ,317835905.7,,60% MBI GLOBAL + 40% MASI,60% MBI GLOBAL + 40% MASI,-0.014055543559846617,-0.020040674086110544,-0.03834968008504325,-0.09394990220441635,,-0.06601862313476459,,,,,,,,,,
MA0000039687,FCP OPTIMA MONETAIRE,ALPHAVEST ASSET MANAGEMENT,MONÉTAIRE,709091250.79,0.25,MONIA,MONIA,0.002054767840448557,0.006593299095133398,0.01363345318425857,0.02533979034636702,,0.015003255144114158,0.0018150684931506845,0.00023969934729787244,0.005508985143739148,0.0010843139513942498,0.011031856879983645,0.002601596304274926,0.022200233463035023,0.003139556883331996,0.07599452000000002,
MA0000039695,FCP OPTIMA OBLIGATAIRE,ALPHAVEST ASSET MANAGEMENT,OMLT,1141119829.33,6.0,MBI GLOBAL,MBI GLOBAL,-0.0015600003974522991,-0.002382748897978626,-0.0011133643484830813,-0.01037060381929733,,-0.012316069866420198,,,,,,,,,,
MA0000039703,FCP OPTIMA SOUVERAIN,ALPHAVEST ASSET MANAGEMENT,OMLT,1009367.38,6.0,MBI GLOBAL,MBI GLOBAL,-0.0005682506264731435,-0.0030201373465538195,0.06851115958050724,0.05865287837224442,,0.05459442456650798,,,,,,,,,,
MA0000039711,FCP OPTIMA DYNAMIQUE,ALPHAVEST ASSET MANAGEMENT,OCT,1103015644.2,0.8,MBI CT,MBI CT,0.002245552639253301,0.00689486791347238,0.016394250675289435,0.026544531288893225,,0.016714987278859228,,,,,,,,,,
MA0000039729,FCP OPTIMA PERFORMANCE,ALPHAVEST ASSET MANAGEMENT,ACTIONS,55528638.45,,MASI,MASI,-0.02545864144095278,-0.030172190104518104,-0.042063500199911785,-0.1330729335795069,,-0.07615036285618237,-0.015317466005329017,-0.010141175435623762,-0.045617542077769135,0.015445351973251031,-0.0441016662313608,0.002038166031449018,-0.09122383660461464,-0.04184909697489225,0.4708940860761408,
MA0000039752,AFG BALANCED FUND,AFG ASSET MANAGEMENT,DIVERSIFIÉ,532833702.77,,50% MBI GLOBAL + 50% MASI,50% MBI GLOBAL + 50% MASI,-0.01772718385435912,-0.02279039107835623,-0.02886659936854319,-0.09626031860246653,,-0.05947081582560221,,,,,,,,,,
MA0000039760,FCP WG INVEST,WAFA GESTION,DIVERSIFIÉ,1567080.5,,50% MBI GLOBAL + 50% MASI RENTABILITE,50% MBI GLOBAL + 50% MASI RENTABILITE,-0.004553038520846209,-0.003010830219381422,0.01253290320026923,-0.0020871023899272645,0.29627916993944314,-0.0002003107259064274,,,,,,,,,,
MA0000039786,FCP AFRICAPITAL TRESORERIE,AFRICAPITAL MANAGEMENT,MONÉTAIRE,21102875.16,0.25,TMP Interbancaire,TMP,0.0016377915466279092,0.005198174203194128,0.010440615886855076,,,0.0114573785517873,0.0018494492591557168,-0.00021165771252780767,0.0056097476961394785,-0.0004115734929453505,0.011222105363592994,-0.000781489476737918,0.022510364583333334,,0.0757503,
MA0000039794,FCP AFRICAPITAL DYNAMIQUE,AFRICAPITAL MANAGEMENT,DIVERSIFIÉ,692359994.85,,70% MBI GLOBAL + 30% MASI,70% MBI GLOBAL + 30% MASI,-0.010189675280829813,-0.018623333941938935,-0.0377040962474936,,,-0.060894785272500584,,,,,,,,,,
MA0000039802,CFG OBLIGATAIRE PLUS,CFG GESTION,OMLT,1262196.742404,6.0,MBI GLOBAL,MBI GLOBAL,-0.0017215744580953984,-0.0007049976500078659,0.004725525714735612,-0.014336432928595988,0.15287917045477117,-0.005457238637249673,,,,,,,,,,
MA0000039836,STERLING BOND,STERLING ASSET MANAGEMENT,OMLT,306241380.37,4.0,MBI GLOBAL,MBI GLOBAL,-0.0011413032690895664,0.0030096168219642117,0.009630142345541604,,,0.0010144711323287758,,,,,,,,,,
MA0000039844,STERLING EQUITY,STERLING ASSET MANAGEMENT,ACTIONS,379138941.66,,MASI,MASI,-0.013371537726838523,-0.0038039110634877638,-0.023526940447431977,,,-0.04133884655440856,-0.015317466005329017,0.001945928278490494,-0.045617542077769135,0.04181363101428137,-0.0441016662313608,0.020574725783928827,-0.09122383660461464,,0.4708940860761408,
MA0000039851,STERLING SHORT TERM BOND,STERLING ASSET MANAGEMENT,OCT,955158979.24,0.8,MBI CT,MBI CT,0.002153307637851043,0.006666798356510739,0.01675927496184282,,,0.0161409315680332,,,,,,,,,,
MA0000039869,QUANTUM OPTIMUM CT,QUANTUM CAPITAL GESTION,OCT,690255471.88,0.8,MBI CT,MBI CT,0.002148651179294081,0.006842532628285047,0.015754245754245666,,,0.015074825042179496,,,,,,,,,,
MA0000039877,QUANTUM OBLIGATION PLUS,QUANTUM CAPITAL GESTION,OMLT,186563931.79,4.0,MBI GLOBAL,MBI GLOBAL,0.00206396300743239,0.0029995133239970606,0.015547219903659482,,,0.008256954012660023,,,,,,,,,,
MA0000039885,QUANTUM OPTIMUM CROISSANCE,QUANTUM CAPITAL GESTION,ACTIONS,993865.61,,MASI,MASI,-0.00978125895501003,-0.028216281075405858,0.043064415511239185,,,0.006368313755946264,-0.015317466005329017,0.005536207050318986,-0.045617542077769135,0.017401261002363277,-0.0441016662313608,0.08716608174259999,-0.09122383660461464,,0.4708940860761408,
MA0000039893,FCP ALPHA BALANCE,RED MED ASSET MANAGEMENT,DIVERSIFIÉ,555910281.99,,60% MBI GLOBAL + 40% MASI,60% MBI GLOBAL + 40% MASI,-0.005608364167390856,-0.007262644783328054,,,,0.10998549927496382,,,,,,,,,,
MA0000039901,FCP ALPHA EQUITY,RED MED ASSET MANAGEMENT,ACTIONS,999591.42,,MASI,MASI,-0.014822104312714912,-0.028677169292323,,,,-0.02886173170390227,-0.015317466005329017,0.0004953616926141047,-0.045617542077769135,0.016940372785446134,-0.0441016662313608,,-0.09122383660461464,,0.4708940860761408,
MA0000039919,FCP ALPHA OPPORTUNITE,RED MED ASSET MANAGEMENT,OMLT,1002321.43,8.0,50% MBI MLT + 50% MBI LT,50% MBI MLT + 50% MBI LT,-0.0022487493189361496,0.005129535747075975,,,,0.007200144002879938,,,,,,,,,,
MA0000039927,TWIN PERFORMANCE,TWIN CAPITAL GESTION,ACTIONS,990671.86,,MASI,MASI,-0.026876368703961706,-0.03351458230350968,,,,-0.022399999999999975,-0.015317466005329017,-0.01155890269863269,-0.045617542077769135,0.012102959774259459,-0.0441016662313608,,-0.09122383660461464,,0.4708940860761408,
MA0000039935,TWIN LIQUID BANK,TWIN CAPITAL GESTION,OCT,1014153.64,0.8,MBI CT,MBI CT,0.0017993746435664981,0.015266110629478025,,,,0.018850000000000033,,,,,,,,,,
MA0000039943,FCP STERLING CASH,STERLING ASSET MANAGEMENT,MONÉTAIRE,51060157.4,0.25,MONIA,MONIA,0.0015953734170903733,0.004721038628498375,,,,0.004510045100450943,0.0018150684931506845,-0.00021969507606031126,0.005508985143739148,-0.0007879465152407731,0.011031856879983645,,0.022200233463035023,,0.07599452000000002,
MA0000039950,FCP STERLING DYNAMIC,STERLING ASSET MANAGEMENT,DIVERSIFIÉ,21319211.44,,70% MBI + 30% MASI,70% MBI + 30% MASI,-0.0012588193492716337,-0.015086897325004012,,,,-0.015924299560881483,,,,,,,,,,
MA0000039984,FCP QUANTUM OPTIMUM DIVERSIFIE,QUANTUM CAPITAL GESTION,DIVERSIFIÉ,255925200.83,,60% MBI GLOBAL + 40% MASI,60% MBI GLOBAL + 40% MASI,-0.0014995001666112673,-0.0014897141121010815,,,,0.008103936197581652,,,,,,,,,,
MA0000040016,UPLINE RENDEMENT,UPLINE CAPITAL MANAGEMENT,OMLT,6308211852.61,3.0999999999999996,MBI MT,MBI MT,6.298551333183688e-05,0.0026311358087058867,0.010051103712971132,0.004880278471221189,0.17287031033265765,0.0009982032341784297,,,,,,,,,,
MA0000040024,UPLINE OBLIG,UPLINE CAPITAL MANAGEMENT,OCT,4631153140.33,0.8,80% MBI CT + 20% MBI MT,80% MBI CT + 20% MBI MT,0.0022115876039583426,0.007449407083241821,0.01674734743322026,0.026931811148827256,0.10675218060543856,0.01681924030583848,,,,,,,,,,
MA0000040040,UPLINE ACTIONS,UPLINE CAPITAL MANAGEMENT,ACTIONS,1987024.99,,MASI,MASI,-0.02641645879051646,-0.029142636857236504,-0.05442502176178965,-0.13216125631112896,0.4703536417108418,-0.080466409810664,-0.015317466005329017,-0.011098992785187445,-0.045617542077769135,0.016474905220532632,-0.0441016662313608,-0.010323355530428846,-0.09122383660461464,-0.04093741970651432,0.4708940860761408,-0.0005404443652989865
MA0000040057,ALISTITMAR CHAABI,UPLINE CAPITAL MANAGEMENT,DIVERSIFIÉ,37117980.5,,60% MASI + 40% MBI,60% MASI + 40% MBI,-0.014853441984918447,-0.03127476043114907,-0.02781752543485394,-0.0688293725638125,0.3487217646048737,-0.04489997457449113,,,,,,,,,,
MA0000040065,KENZ RENDEMENT,UPLINE CAPITAL MANAGEMENT,DIVERSIFIÉ,511840870.1,,50% MASI + 50% MBI,50% MASI + 50% MBI,-0.013152969201973841,-0.014661909616038082,-0.027320296514943054,-0.07127530105047397,0.38173631295563926,-0.047355453350854004,,,,,,,,,,
MA0000040073,ALISTITMAR CHAABI ACTIONS,UPLINE CAPITAL MANAGEMENT,ACTIONS,9135601.49,,MASI,MASI,-0.026318038595825377,-0.0499463179776749,-0.05616120219655074,-0.12738931413314847,0.4554825712976911,-0.08278144377614294,-0.015317466005329017,-0.01100057259049636,-0.045617542077769135,-0.004328775899905768,-0.0441016662313608,-0.012059535965189938,-0.09122383660461464,-0.03616547752853383,0.4708940860761408,-0.015411514778449709
MA0000040081,KENZ ACTIONS,UPLINE CAPITAL MANAGEMENT,ACTIONS,637933897.65,,MASI,MASI,-0.021692122289552973,-0.04488409739490329,-0.044006614772992836,-0.12059772587584494,0.5544434787332284,-0.07451547958828897,-0.015317466005329017,-0.006374656284223956,-0.045617542077769135,0.000733444682865847,-0.0441016662313608,9.505145836796736e-05,-0.09122383660461464,-0.029373889271230302,0.4708940860761408,0.0835493926570876
MA0000040099,ASSANAD CHAABI,UPLINE CAPITAL MANAGEMENT,OMLT,265145469.27,6.0,80% MBI MLT + 20% MBI LT,80% MBI MLT + 20% MBI LT,0.00011979365542846843,-0.0023476399123680824,-0.000763010450250956,-0.016207630499411985,0.24193298457876744,-0.010061510338183366,,,,,,,,,,
MA0000040107,AL AMAL,UPLINE CAPITAL MANAGEMENT,OCT,7288068566.26,0.8,90% MBI CT + 10% MBI MT,90% MBI CT + 10% MBI MT,0.0022011487724835632,0.007135739473010494,0.01576910152214772,0.02506648915292664,0.10232955485546213,0.015784904615365525,,,,,,,,,,
MA0000040115,KENZ OBLIGATIONS,UPLINE CAPITAL MANAGEMENT,OMLT,499343710.2,5.0,30% MBI MT + 70% MBI MLT,30% MBI MT + 70% MBI MLT,-0.00018145527127566563,-0.001558366252310428,0.0039721584490359785,-0.008600525387743252,0.22352000710574238,-0.004552681023269223,,,,,,,,,,
MA0000040123,ALISTITMAR CHAABI TRESORERIE,UPLINE CAPITAL MANAGEMENT,MONÉTAIRE,366393440.2,0.25,MBI CT,MBI CT,0.0016011997684495238,0.0052397350713944135,0.010741794169105257,0.021135030108841768,0.07743417646893413,0.012173747619536268,,,,,,,,,,
MA0000040149,KENZ PLUS,UPLINE CAPITAL MANAGEMENT,MONÉTAIRE,8634911929.32,0.25,MBI CT,MBI CT,0.001884747679404386,0.005913520673668238,0.012379183926105819,0.022849720992880407,0.08623243933588753,0.013537346870680311,,,,,,,,,,
MA0000040156,ATTIJARI AL MOUCHARAKA,WAFA GESTION,ACTIONS,435345380.73,,MASI,MASI,-0.02439797896800522,-0.05164404772747977,0.00039910718245117494,-0.03940841252155647,0.5016530209234729,-0.008017588860388503,-0.015317466005329017,-0.009080512962676202,-0.045617542077769135,-0.006026505649710634,-0.0441016662313608,0.04450077341381198,-0.09122383660461464,0.05181542408305817,0.4708940860761408,0.030758934847332053
MA0000040164,PROFIL SERENITE,WAFA GESTION,OMLT,879032719.79,3.05,5% MASI + 95% MBI MT,5% MASI + 95% MBI MT,-0.0006123896087152358,0.0008715300193673503,0.014295060516846592,0.007276743657213425,0.15032461509923944,0.004047665306651016,,,,,,,,,,
MA0000040172,PROFIL HARMONIE,WAFA GESTION,DIVERSIFIÉ,1027764043.42,,40% MASI + 60% MBI MT,40% MASI + 60% MBI MT,-0.02219922867086821,-0.034056590623983696,0.003329955117996386,-0.023316995255171502,0.3191066367750943,-0.011427937423721168,,,,,,,,,,
MA0000040180,OBLIDYNAMIC,WAFA GESTION,OCT,3441142418.54,0.8,MBI CT,MBI CT,0.002232991258076744,0.007161613750298335,0.0162347046921667,0.02537306178000298,0.0972691807542263,0.015989982179839046,,,,,,,,,,
MA0000040198,PATRIMOINE AL MOUSSAHAMA,WAFA GESTION,ACTIONS,49158628.13,,-,-,-0.023971070682970552,-0.04988459696032754,0.004404170918660855,-0.04509545033445905,0.5357947346191749,-0.0043429979616051995,,,,,,,,,,
MA0000040214,PATRIMOINE OBLIGATIONS,WAFA GESTION,OMLT,51884370.44,5.0,MBI MLT,MBI MLT,-0.00140891372751617,0.00021168003386873302,0.00813123770239188,0.000776598498576142,0.1495066900932558,-0.0015495867768595684,,,,,,,,,,
MA0000040248,CAP OBLIGATIONS,WAFA GESTION,OCT,805300889.0,0.8,MBI CT,MBI CT,0.0022906592008145044,0.007096732945463868,0.015308260014824882,0.028500538669974818,0.09442089904814832,0.01678285566744142,,,,,,,,,,
MA0000040255,PROFIL DYNAMIQUE,WAFA GESTION,ACTIONS,336087019.13,,75% MASI + 25% MBI MT,75% MASI + 25% MBI MT,-0.018271281698247432,-0.028435489635453948,0.0034721821684411402,-0.058926620292739984,0.41783746780975983,-0.01870318563306561,,,,,,,,,,
MA0000040263,ATTIJARI SECURITE,WAFA GESTION,OMLT,2632314582.69,3.05,MBI MT,MBI MT,0.0017993759883745408,0.004564429167773776,0.015440134819583395,0.006989912529429043,0.13788667301007806,0.006726081821110119,,,,,,,,,,
MA0000040271,CAP MONETAIRE PREMIERE,WAFA GESTION,MONÉTAIRE,14106534388.66,0.3,TMP,TMP,0.0017008312054749286,0.00590093797196678,0.012596964907034325,0.023449850221906265,0.0872900201160296,0.013812708583462507,0.0018494492591557168,-0.00014861805368078821,0.0056097476961394785,0.0002911902758273013,0.011222105363592994,0.001374859543441331,0.022510364583333334,0.000939485638572931,0.0757503,0.011539720116029592
MA0000040313,FCP CAP INSTITUTIONS,WAFA GESTION,OCT,2506775082.68,0.8,MBI CT,MBI CT,0.0021010839262716186,0.00668680452831083,0.015435063644205327,0.02550805298133918,0.09703416408146137,0.015404597271731157,,,,,,,,,,
MA0000040339,ATTIJARI MONETAIRE JOUR,WAFA GESTION,MONÉTAIRE,459400671.14,0.25,TMP,TMP,0.0012941471153042894,0.004354926510615087,0.00874794969928927,0.017434461695087666,0.06429712460063897,0.010107391029690493,0.0018494492591557168,-0.0005553021438514274,0.0056097476961394785,-0.0012548211855243916,0.011222105363592994,-0.0024741556643037236,0.022510364583333334,-0.005075902888245668,0.0757503,-0.01145317539936104
MA0000040347,PATRIMOINE ACTIONS,WAFA GESTION,ACTIONS,1769383663.24,,MASI,MASI,-0.01703464648340458,-0.010248894504106154,-0.004766623472317488,-0.062174677131268785,0.492872823733878,-0.0320130088373104,-0.015317466005329017,-0.001717180478075564,-0.045617542077769135,0.03536864757366298,-0.0441016662313608,0.039335042759043315,-0.09122383660461464,0.029049159473345854,0.4708940860761408,0.02197873765773717
MA0000040388,WG OBLIGATIONS,WAFA GESTION,OMLT,3852168289.3,3.05,MBI MT,MBI MT,0.0015095605501509457,0.004598732544444983,0.01622510920746567,0.014153880994168588,0.13165708509697405,0.00901256125725225,,,,,,,,,,
MA0000040396,OBLITOP,WAFA GESTION,OCT,6288943649.97,0.8,MBI CT,MBI CT,0.0022393557352620164,0.007290395860502175,0.0167517346219499,0.027753812608111383,0.10709216251080766,0.016924462112138938,,,,,,,,,,
MA0000040412,AL IDDIKHAR CHAABI MOUTAWASSIT AL MADA,UPLINE CAPITAL MANAGEMENT,OMLT,66099019.03,5.0,30% MBI MT + 70% MBI MLT,30% MBI MT + 70% MBI MLT,0.0027971407006173177,4.427717511634732e-05,-0.012374830556648675,-0.017530123102353135,0.1682615217503749,-0.022420360110803284,,,,,,,,,,
MA0000040420,AL IDDIKHAR CHAABI TAWIL AL MADA,UPLINE CAPITAL MANAGEMENT,OMLT,141461307.94,6.0,80% MBI MLT + 20% MBI LT,80% MBI MLT + 20% MBI LT,-0.0002616545288037786,-0.00178524775755462,0.0020981772085499895,-0.008820095983397391,0.1427076064200976,-0.005293530611359398,,,,,,,,,,
MA0000040438,AL IDDIKHAR CHAABI KASSIR AL MADA,UPLINE CAPITAL MANAGEMENT,OMLT,212359158.41,3.0999999999999996,MBI MT,MBI MT,0.0017608985341710515,0.005685618729097008,0.011873858282857475,0.010028790786948294,0.14278733916064934,0.00737018425460656,,,,,,,,,,
MA0000040446,CDG CASH,CDG CAPITAL GESTION,MONÉTAIRE,366423976.51,0.25,80% TMP + 20% MBI CT,80% TMP + 20% MBI CT,0.0019280455139514263,0.00739430053386414,0.017316737761349676,0.030979814298649044,0.11514476507779525,0.018422875582017273,,,,,,,,,,
MA0000040503,FCP CKG BONDS,CDG CAPITAL GESTION,OMLT,2690331265.8,6.0,MBI MLT,MBI MLT,-0.001792505298600533,-0.0012220066477162117,0.0037029899754770224,-0.013081827368921717,0.18656779755656294,-0.011156692526467893,,,,,,,,,,
MA0000040552,UPLINE BONDS,UPLINE CAPITAL MANAGEMENT,OMLT,1653259.81,4.5,50% MBI MT + 50% MBI MLT,50% MBI MT + 50% MBI MLT,0.0,0.0,0.0,0.0,0.13559322033898313,0.0,,,,,,,,,,
MA0000040578,CDG RENDEMENT,CDG CAPITAL GESTION,OMLT,2267832441.4,6.0,95% MBI MLT + 5% MASI,95% MBI MLT + 5% MASI,-0.0005919572738396495,-0.0026953942014020793,0.002449805379016068,-0.011985937655784706,0.1553340970610002,-0.009732275527671863,,,,,,,,,,
MA0000040602,CDG BONDS DYNAMIQUE,CDG CAPITAL GESTION,OMLT,2186652941.35,5.0,MBI GLOBAL,MBI GLOBAL,0.001008143501130876,0.000704964516786033,0.007979296959240711,-0.0017450734233132037,0.1815547389449279,-4.696232056489169e-05,,,,,,,,,,
MA0000040636,CDG MONEY PREMIUM,CDG CAPITAL GESTION,MONÉTAIRE,2003753230.83,0.25,60% TMP + 40% MBI CT,60% TMP + 40% MBI CT,0.0018745321155861916,0.0061346741405441385,0.013295536455210089,0.024484046787923264,0.08711870134258737,0.014543028685790604,,,,,,,,,,
MA0000040677,FCP INSTITUTIONS,CDG CAPITAL GESTION,OCT,451607253.56,0.8,90% MBI CT + 10% MBI MT,90% MBI CT + 10% MBI MT,0.0018791976791057152,0.00584228675653331,0.011938894878087858,0.020541528354480088,0.08052339286917021,0.012414948424035899,,,,,,,,,,
MA0000040693,CDG OBLIG SELECTION,CDG CAPITAL GESTION,OMLT,104831776.13,4.0,80% MBI MT + 20% MBI MLT,80% MBI MT + 20% MBI MLT,-0.0006476845278131638,0.001687915424450681,0.012355087641379381,0.012549280915097993,0.20326934613077374,0.0020982689281341393,,,,,,,,,,
MA0000040719,RMA DYNAMIQUE,RMA ASSET MANAGEMENT,ACTIONS,7483511748.26,,MASI,MASI,-0.01732677858222942,-0.027404674958434794,-0.04054656955136493,-0.14653373173086826,0.23556953706928407,-0.07178102025106514,-0.015317466005329017,-0.0020093125769004017,-0.045617542077769135,0.01821286711933434,-0.0441016662313608,0.0035550966799958728,-0.09122383660461464,-0.055309895126253616,0.4708940860761408,-0.23532454900685673
MA0000040727,RMA EQUITY MARKET,RMA ASSET MANAGEMENT,ACTIONS,80208229.42,,MASI,MASI,-0.02633276418136976,-0.05243528673239539,-0.0763443956518608,-0.14970674972663112,0.48604354876071354,-0.10917864333819338,-0.015317466005329017,-0.011015298176040744,-0.045617542077769135,-0.0068177446546262566,-0.0441016662313608,-0.032242729420499994,-0.09122383660461464,-0.05848291312201648,0.4708940860761408,0.015149462684572734
MA0000040735,RMA EXPANSION,RMA ASSET MANAGEMENT,ACTIONS,1284068258.3,,MASI,MASI,-0.024794506330329757,-0.03860047532946742,-0.012310638389737338,-0.09069811956180673,0.30093550661974944,-0.024705549688813444,-0.015317466005329017,-0.00947704032500074,-0.045617542077769135,0.007017066748301715,-0.0441016662313608,0.031791027841623465,-0.09122383660461464,0.000525717042807905,0.4708940860761408,-0.16995857945639137
MA0000040743,RMA OBLIGATIONS,RMA ASSET MANAGEMENT,OMLT,9359964744.53,8.0,50% MBI MLT + 50% MBI LT,50% MBI MLT + 50% MBI LT,-0.0002950017986578235,-0.003114948224488656,0.0002189766126099446,-0.016850347015396228,0.16342722782228236,-0.012055608735251355,,,,,,,,,,
MA0000040768,FCP OBLIG COURT TERME,CDG CAPITAL GESTION,OCT,1066158661.29,0.8,75% MBI CT + 25% MBI MT,75% MBI CT + 25% MBI MT,0.002248303336076507,0.007264140200303304,0.016795435707241513,0.028739501971058345,0.10923443491805762,0.016912334204666424,,,,,,,,,,
MA0000040792,FCP ALLOCATIONS,CDG CAPITAL GESTION,DIVERSIFIÉ,350712195.13,,55% MBI Global +45% Masi RB,55% MBI GLOBAL + 45% MASI RB,-0.015271643975226623,-0.013446363774406778,-0.02248543427394456,-0.03347218089854209,0.1037151158703753,-0.03203218116805717,,,,,,,,,,
MA0000040818,AL IDDIKHAR CHAABI ACTIONS,UPLINE CAPITAL MANAGEMENT,ACTIONS,42546545.95,,MASI,MASI,-0.03177587665695214,-0.05337173320261024,-0.06139498146910494,-0.1448144150128705,0.4252698588430668,-0.09379674439067298,-0.015317466005329017,-0.016458410651623123,-0.045617542077769135,-0.007754191124841103,-0.0441016662313608,-0.017293315237744133,-0.09122383660461464,-0.05359057840825587,0.4708940860761408,-0.04562422723307402
MA0000040826,AL BADIL CHAABI ASSHOUM,UPLINE CAPITAL MANAGEMENT,ACTIONS,143757983.43,,MASI,MASI,-0.024366676731812476,-0.06395051467297486,-0.030995470433721417,-0.08017976098621171,0.6534229267982805,-0.04045615321439322,-0.015317466005329017,-0.009049210726483459,-0.045617542077769135,-0.01833297259520572,-0.0441016662313608,0.013106195797639386,-0.09122383660461464,0.011044075618402927,0.4708940860761408,0.1825288407221397
MA0000040842,CDG MULTIGESTION,CDG CAPITAL GESTION,DIVERSIFIÉ,1262017.9,,85% MBI GLOBAL + 15% MASI,85% MBI GLOBAL + 15% MASI,-0.0026202066947222935,-0.0023616257035382615,0.0007471049682479247,-0.008349615552213252,0.20023478305251996,-0.008135834696335609,,,,,,,,,,
MA0000040859,CDG OBLIG PREMIUM,CDG CAPITAL GESTION,OMLT,1544583501.53,4.0,80% MBI MT + 20% MBI MLT,80% MBI MT + 20% MBI MLT,-0.0012431734036892905,-0.0023696682464455776,0.003961779199022075,-0.011657453517918692,0.19363273038694118,-0.009134338325981761,,,,,,,,,,
MA0000040941,RMA RENDEMENT PLUS,RMA ASSET MANAGEMENT,OMLT,3722282523.77,6.0,MBI MLT,MBI MLT,-0.0015565655936741196,-0.00304631644389175,0.005139776858468226,-0.009206054989187362,0.11858258928571419,-0.009144834404349877,,,,,,,,,,
MA0000040958,RMA MULTISTRATEGIES,RMA ASSET MANAGEMENT,ACTIONS,1828170954.64,,MASI,MASI,-0.020849763406940003,-0.030266048328044803,-0.02450402671380858,-0.121289865970717,0.3021960013110454,-0.04938507919797097,-0.015317466005329017,-0.005532297401610986,-0.045617542077769135,0.015351493749724332,-0.0441016662313608,0.019597639517552223,-0.09122383660461464,-0.030066029366102365,0.4708940860761408,-0.1686980847650954
MA0000040966,RMA PERFORMANCE,RMA ASSET MANAGEMENT,ACTIONS,1010577768.26,,MASI,MASI,-0.023598625066102552,-0.03312168619493361,-0.014083566947002968,-0.1269320566244052,0.32790938104014034,-0.03293177949456594,-0.015317466005329017,-0.008281159060773535,-0.045617542077769135,0.012495855882835527,-0.0441016662313608,0.030018099284357835,-0.09122383660461464,-0.03570822001979057,0.4708940860761408,-0.14298470503600047
MA0000041006,FCP ALPHA DYNAMIC FUND,RED MED ASSET MANAGEMENT,ACTIONS,205993039.78,,MASI,MASI,-0.02161334876255161,-0.04905304404615041,-0.06980870923093285,-0.1653663662707383,0.6415106156447676,-0.10965418846389008,-0.015317466005329017,-0.006295882757222593,-0.045617542077769135,-0.0034355019683812715,-0.0441016662313608,-0.02570704299957205,-0.09122383660461464,-0.07414252966612367,0.4708940860761408,0.17061652956862683
MA0000041014,FCP ALPHA INCOME FUND,RED MED ASSET MANAGEMENT,OMLT,1445746656.02,3.5,MBI MLT,MBI MLT,-0.00024627508927466124,-0.0027023707161282218,0.0020982473463342366,-0.01360709512817404,0.1781179714140606,-0.008790135514589181,,,,,,,,,,
MA0000041022,FCP ALPHA MONETAIRE,RED MED ASSET MANAGEMENT,MONÉTAIRE,850809518.35,0.25,MBI MONETAIRE,MBI MONETAIRE,0.0025995970624552722,0.007050068542333143,0.01400026291573564,0.025117948036414317,0.09070984162895934,0.015201368781258218,,,,,,,,,,
MA0000041048,CDG SMALL & MID CAP,CDG CAPITAL GESTION,ACTIONS,251320149.29,,95% MASI FLOTTANT + 5% MSCI Europe Small Cap.,95% MASI FLOTTANT + 5% MSCI EUROPE SMALL CAP.,-0.030357544411963144,-0.06260869565217386,-0.08594652281332682,-0.16403662119657314,0.32736777857389265,-0.13122800679466295,,,,,,,,,,
MA0000041089,RMA DIVERSIFIE,RMA ASSET MANAGEMENT,DIVERSIFIÉ,364928271.32,,50% MASI + 50% MBI MLT,50% MASI + 50% MBI MLT,-0.022441572237960283,-0.04447713408038767,-0.047773034967447114,-0.10387502536011362,0.42566651604157246,-0.08250591998670609,,,,,,,,,,
MA0000041097,RMA TRESO PLUS,RMA ASSET MANAGEMENT,MONÉTAIRE,333258529.94,0.25,TMP,TMP,0.0017516543402100737,0.005568037510989443,0.03812020976200081,0.048696006519967305,0.1910216360060164,0.039273094396769404,0.0018494492591557168,-9.779491894564311e-05,0.0056097476961394785,-4.171018515003542e-05,0.011222105363592994,0.02689810439840782,0.022510364583333334,0.02618564193663397,0.0757503,0.1152713360060164
MA0000041121,FCP IRGAM MONETAIRE PLUS,IRG ASSET MANAGEMENT,OCT,620728043.9,0.8,MBI CT,MBI CT,0.014896329598067526,0.017627666016282184,0.02299628001352727,0.032070965540770935,0.08500717360114773,0.022443047387277648,,,,,,,,,,
MA0000041139,FCP ATTIJARI GOLD,WAFA GESTION,CONTRACTUEL,35792992.13,,LONDON GOLD FIXING (USD),LONDON GOLD FIXING (USD),-0.03687918481440555,-0.13498611531766902,-0.17372163547004071,0.2194734242854497,0.9476386880504801,-0.06028351925409692,,,,,,,,,,
MA0000041162,AL BARID TRESORERIE,CDG CAPITAL GESTION,MONÉTAIRE,608473003.74,0.25,50% TMP + 50% MBI CT,50% TMP + 50% MBI CT,0.0013761222744761437,0.004341592185133969,0.008666747412760412,0.016615576594417147,0.08512979398010745,0.009889917404368287,,,,,,,,,,
MA0000041170,AL BARID ISTITMAR,CDG CAPITAL GESTION,OMLT,2193535276.74,3.0999999999999996,MBI MT,MBI MT,-0.00033344448149374983,0.0003336670003337705,0.008816205666599464,0.0038842753817305287,0.14690130068859997,-0.00020009337690918283,,,,,,,,,,
MA0000041196,CDG SERENITE,CDG CAPITAL GESTION,MONÉTAIRE,501448.23,0.25,60% TMP + 40% MBI CT,60% TMP + 40% MBI CT,0.0014496201251876784,0.004571215510812854,0.00911637801881704,0.017485158386078448,0.0664423685877138,0.010418229276049296,,,,,,,,,,
MA0000041238,RMA RENDEMENT CT,RMA ASSET MANAGEMENT,OCT,1127170.99,0.8,MBI CT,MBI CT,0.0016280016280016962,0.005146217938245323,0.011259040105193963,0.018372920632293344,0.07223771348902042,0.011757934550238325,,,,,,,,,,
MA0000041246,RMA RENDEMENT MT,RMA ASSET MANAGEMENT,OMLT,108210727.28,3.0999999999999996,MBI MT,MBI MT,0.0017617264919622677,0.004268158069026473,0.015401785714285632,0.014043691484618703,0.12617593662320514,0.008945734141653228,,,,,,,,,,
MA0000041253,RMA CORPORATE BOND,RMA ASSET MANAGEMENT,OCT,2587471.38,0.8,MBI CT,MBI CT,0.00173371453245319,0.0050081061744764455,0.037413444990988864,0.04527456923623063,0.1861274004756408,0.03782831192598368,,,,,,,,,,
MA0000041261,FCP ALPHA SECURE FUND,RED MED ASSET MANAGEMENT,OMLT,753017600.35,4.0,MBI,MBI,0.0003246237472631641,0.000981422094437523,0.002720909462256893,-0.00992603327818864,0.16489314640992858,-0.00636671743574968,,,,,,,,,,
MA0000041295,CDG OPTIMUM,CDG CAPITAL GESTION,MONÉTAIRE,201429456.78,0.25,50% TMP + 50% MBI CT,50% TMP + 50% MBI CT,0.0018205410634966057,0.005851138888250729,0.01163090043764381,0.021989563709717608,0.08092381587160524,0.01302178008394761,,,,,,,,,,
MA0000041303,CDM MONETAIRE PLUS,WAFA GESTION,MONÉTAIRE,948972469.11,0.25,TMP,TMP,0.0018053927315357932,0.006067122943614223,0.012920202930159608,0.023981658265364025,0.08998375836529227,0.014250672574774415,0.0018494492591557168,-4.405652761992366e-05,0.0056097476961394785,0.00045737524747474414,0.011222105363592994,0.001698097566566614,0.022510364583333334,0.0014712936820306909,0.0757503,0.01423345836529226
MA0000041311,FCP CAM MONÉTAIRE,MAROGEST,MONÉTAIRE,452748838.61,0.25,30% MBI CT + 70% TMP,30% MBI CT + 70% TMP,0.0020413909615655257,0.006291531174890341,0.013095153369866885,0.02424809325082755,0.08871892925430203,0.01439464120287881,,,,,,,,,,
MA0000041329,CAM OBLIGATIONS,MAROGEST,OMLT,1448201607.09,4.5,MBI GLOBAL,MBI GLOBAL,-0.0022176121324845033,-0.004496467061594678,-0.0039988574692945145,-0.016777104187227,0.1617524571047808,-0.014763014763014781,,,,,,,,,,
MA0000041337,CAM ACTIONS,MAROGEST,ACTIONS,644257.14,,CFG 25 FLOTTANT,CFG 25 FLOTTANT,-0.019127828135036773,-0.030749700260949142,-0.10005893523672316,-0.18531033256268892,0.22105730786317213,-0.13271488072699733,,,,,,,,,,
MA0000041386,WG MONETAIRE,WAFA GESTION,MONÉTAIRE,1299242.83,0.25,TMP MARCHE INTERBANCAIRE,TMP,0.0019519653851471919,0.006289667791183007,0.01303368199460575,0.024286617001463284,0.09114018228036458,0.01430147543143212,0.0018494492591557168,0.00010251612599147504,0.0056097476961394785,0.0006799200950435283,0.011222105363592994,0.0018115766310127564,0.022510364583333334,0.0017762524181299498,0.0757503,0.015389882280364572
MA0000041394,FCP ALPHA BANQUES FUND,RED MED ASSET MANAGEMENT,OCT,2389648569.28,0.8,MBI CT,MBI CT,0.0023644424235536032,0.007664119578549844,0.017008188843181893,0.02746014976851141,0.1100135953943504,0.017188076781100126,,,,,,,,,,
MA0000041402,IRGAM SECURIPLUS,IRG ASSET MANAGEMENT,OCT,48529787.62,0.8,MBI CT,MBI CT,0.0014960629921259017,0.004977876106194712,0.011451292246520861,0.017927170868347275,0.0759665002960832,0.012095169889392743,,,,,,,,,,
MA0000041410,IRGAM SECURIBANCAIRES,IRG ASSET MANAGEMENT,OMLT,1081153776.84,4.0,MBI GLOBAL,MBI GLOBAL,0.00032239864592575884,0.0006450052406674622,0.005672149744753385,-0.0030524540123704202,0.132287200072986,-0.0007246376811594901,,,,,,,,,,
MA0000041436,CDM PROFIL DYNAMISME,WAFA GESTION,ACTIONS,17594654.99,,90% MASI + 10% MBI MLT,90% MASI + 10% MBI MLT,-0.019537922147972786,-0.03287879086448464,-0.012524898895394432,-0.0837152858809801,0.4491968345833579,-0.041117167809624156,,,,,,,,,,
MA0000041444,CDM PROFIL EQUILIBRE,WAFA GESTION,DIVERSIFIÉ,541677563.67,,60% MBI MLT + 40% MASI RENTABILITE,60% MBI MLT + 40% MASI RENTABILITE,-0.010794431023166906,-0.02169619798643818,-0.0009026543680008547,-0.03844169947061227,0.30844677589168623,-0.019841709098959548,,,,,,,,,,
MA0000041451,CDM PROFIL SERENITE,WAFA GESTION,OMLT,78222587.25,4.0,95% MBI + 5% MASI RENTABILITE,95% MBI + 5% MASI RENTABILITE,-0.002099076406381073,-0.00312631057226731,0.006350550381033049,-0.012836485823233934,0.15291679527316027,-0.006233134430466247,,,,,,,,,,
MA0000041477,ATTIJARI DIVIDEND FUND,WAFA GESTION,ACTIONS,216727961.51,,MASI,MASI,-0.015399677915233334,-0.05752673574312672,-0.05073397085288822,-0.10849212924606466,0.2066993372433359,-0.07487490757776372,-0.015317466005329017,-8.221190990431726e-05,-0.045617542077769135,-0.011909193665357587,-0.0441016662313608,-0.006632304621527418,-0.09122383660461464,-0.017268292641450023,0.4708940860761408,-0.2641947488328049
MA0000041519,CDM OBLIGATIONS,WAFA GESTION,OMLT,169587327.37,3.05,MBI GLOBAL,MBI GLOBAL,-0.00020265559896892604,0.001282686172155989,0.006734034217056317,-0.009890101068484314,0.14806850972726426,-0.004624324106206168,,,,,,,,,,
MA0000041568,HORIZON DISTRIPERF,SAHAM CAPITAL GESTION,DIVERSIFIÉ,120205676.03,,85% MBI MT + 15 % MASI,85% MBI MT + 15 % MASI,-0.011020622516244805,-0.022414888506655517,-0.012676750682744764,-0.09402083767152303,0.15879430214083023,-0.07364008134916267,,,,,,,,,,
MA0000041600,FCP MONETAIRE PREMIUM,CDG CAPITAL GESTION,MONÉTAIRE,99340886.01,0.25,50% MONIA + 50% MBI CT,50% MONIA + 50% MBI CT,0.0019548713992671995,0.006658387718973646,0.013630720113515515,0.024855413584398134,0.08997539623505202,0.014872760206709135,,,,,,,,,,
MA0000041618,FCP TRESORERIE PLUS,CDG CAPITAL GESTION,OCT,1021883.49,0.8,MBI CT,MBI CT,0.0014837195500283507,0.005026395343590506,0.011084783615219251,0.018314147518949664,0.07418981481481479,0.011231670222908274,,,,,,,,,,
MA0000041626,FCP OBLIG PERENITE,CDG CAPITAL GESTION,OMLT,635818018.32,6.0,MBI MLT,MBI MLT,-0.00021196503701603753,-0.0015327722960479795,0.004593496429695421,-0.010905997185770011,0.20068449882384232,-0.008026054202905475,,,,,,,,,,
MA0000041634,FCP OBLIGATIONS OPTIMUM,CDG CAPITAL GESTION,OMLT,138743996.53,5.55,MBI GLOBAL,MBI GLOBAL,0.0009721847150958585,0.0035105451723236314,0.011700269306354372,0.009129519384347251,0.08926874663270801,0.0074655263014840045,,,,,,,,,,
MA0000041675,HORIZON OBLIG OPTIMAL,SAHAM CAPITAL GESTION,OMLT,450339388.32,5.0,MBI GLOBAL,MBI GLOBAL,-0.0011015107877316854,-0.003211834880425868,-0.0010964635261659916,-0.02168996659656064,0.16808177494165255,-0.013119009584664498,,,,,,,,,,
MA0000041683,HORIZON CASH PLUS,SAHAM CAPITAL GESTION,MONÉTAIRE,2792916787.82,0.25,TMP INTERBANCAIRE,MONIA,0.002054730939142546,0.006659995313314404,0.013771688332172571,0.02508965155358478,0.09093282525730428,0.015078814913047411,0.0018150684931506845,0.00023966244599186158,0.005508985143739148,0.0011510101695752558,0.011031856879983645,0.002739831452188927,0.022200233463035023,0.0028894180905497564,0.07599452000000002,0.01493830525730426
MA0000041691,HORIZON CAPITAL GARANTI,SAHAM CAPITAL GESTION,CONTRACTUEL,1270870470.58,,MONIA,TMP,0.0013256327334865148,0.004510363212084423,0.009090356184340509,0.01881489160120231,0.06877906876146644,0.010573610939164979,0.0018494492591557168,-0.000523816525669202,0.0056097476961394785,-0.0010993844840550557,0.011222105363592994,-0.002131749179252485,0.022510364583333334,-0.003695472982131024,0.0757503,-0.006971231238533562
MA0000041709,HORIZON EPARGNE,SAHAM CAPITAL GESTION,ACTIONS,191013785.26,,MASI,MASI,-0.024985080564949302,-0.03241471888818703,-0.04948997401388511,-0.1346703859327001,0.4948761742100769,-0.08566205275528849,-0.015317466005329017,-0.009667614559620286,-0.045617542077769135,0.013202823189582102,-0.0441016662313608,-0.005388307782524304,-0.09122383660461464,-0.04344654932808545,0.4708940860761408,0.023982088133936097
MA0000041717,HORIZON COURT TERME,SAHAM CAPITAL GESTION,OCT,4404813499.21,0.8,MBI CT,MBI CT,0.002293577981651307,0.0073344509639563515,0.016433522535797662,0.02649930264993028,0.10399471772862334,0.016782893214793315,,,,,,,,,,
MA0000041725,INVEST EQUILIBRE,SAHAM CAPITAL GESTION,DIVERSIFIÉ,781766002.17,,80% MBI MT + 20% MASI,80% MBI MT + 20% MASI,-0.011852252552152831,-0.02570397013169956,-0.019016145134083895,-0.06619960153095994,0.2991739003574294,-0.04162855144210076,,,,,,,,,,
MA0000041733,HORIZON FLEXIBLE,SAHAM CAPITAL GESTION,DIVERSIFIÉ,201991517.5,,80% MBI GLOBAL + 20% MASI,80% MBI GLOBAL + 20% MASI,-0.010903659447348835,-0.022891137983997112,-0.010749183455899924,-0.051721668944867516,0.3174295997540286,-0.030711909514304803,,,,,,,,,,
MA0000041741,HORIZON PREMIUM,SAHAM CAPITAL GESTION,MONÉTAIRE,404459274.66,0.25,60% TMP + 40% MBI CT,60% TMP + 40% MBI CT,0.0014801142299922798,0.0047957231583637405,0.009681978178243122,0.018776681487254976,0.07312385714818803,0.01095095798910184,,,,,,,,,,
MA0000041816,BMCI PREMIUM MONEY MARKET,CIH CAPITAL MANAGEMENT,MONÉTAIRE,713846865.77,0.25,TMI(jj),TMP,0.0018439479507204037,0.005684924544423042,0.011542460406555932,0.020625340241439805,0.0753980873592528,0.012432126329210647,0.0018494492591557168,-5.501308435313084e-06,0.0056097476961394785,7.517684828356377e-05,0.011222105363592994,0.00032035504296293836,0.022510364583333334,-0.0018850243418935299,0.0757503,-0.0003522126407472098
MA0000041824,BMCI PREMIUM LONG TERM BOND,CIH CAPITAL MANAGEMENT,OMLT,2406922.41,5.0,MBI,MBI,0.00029861401691677614,-0.001349065330712107,0.0065417032794998775,-0.010335416926572805,0.12505759324107601,-0.0062733200670832545,,,,,,,,,,
MA0000041832,BMCI PREMIUM MEDIUM TERM BOND,CIH CAPITAL MANAGEMENT,OMLT,99773689.68,3.0999999999999996,MBI MT,MBI MT,0.0009763246488072586,0.0035346275856766862,0.013447030601420051,0.011194297214992321,0.1032869814151609,0.00814969596880255,,,,,,,,,,
MA0000041840,BMCI PREMIUM SHORT TERM BOND,CIH CAPITAL MANAGEMENT,OCT,1072094943.2,0.8,MBI CT,MBI CT,0.0022220458693753553,0.006615654391838088,0.01445899269017592,0.02341977309562404,0.09579175704989162,0.014377510040160635,,,,,,,,,,
MA0000041857,BMCI PREMIUM OPPORTUNITY I,CIH CAPITAL MANAGEMENT,DIVERSIFIÉ,92648242.31,,50% MASI Rentabilite nette + 50% MBI CT,50% MASI RENTABILITE NETTE + 50% MBI CT,-0.007025677603423652,-0.016900025037074107,-0.02794669517174142,-0.06458391235694938,0.11518393236211888,-0.04803510551796686,,,,,,,,,,
MA0000041865,BMCI PREMIUM OPPORTUNITY II,CIH CAPITAL MANAGEMENT,DIVERSIFIÉ,94992620.74,,50% MASI Rentabilite Nette + 50% MBI Court Terme,50% MASI RENTABILITE NETTE + 50% MBI COURT TERME,-0.001673437200226613,-0.002823236550690722,0.001929982277907305,-0.004255332765870312,0.1594748212751338,-0.009419631033147913,,,,,,,,,,
MA0000041873,BMCI PREMIUM EQUITY GROWTH,CIH CAPITAL MANAGEMENT,ACTIONS,6521283.64,,MASI,MASI,-0.019414757040432717,-0.021726625190389814,-0.05348359939049596,-0.1269292088725188,0.4265120925102248,-0.0890956877655541,-0.015317466005329017,-0.004097291035103701,-0.045617542077769135,0.02389091688737932,-0.0441016662313608,-0.009381933159135158,-0.09122383660461464,-0.035705372267904156,0.4708940860761408,-0.04438199356591599
MA0000041881,BMCI PREMIUM EQUITY INCOME,CIH CAPITAL MANAGEMENT,ACTIONS,113596487.97,,MASI,MASI,-0.022140986371342986,-0.06331684021307049,-0.05062068239454276,-0.12630895647089257,0.13525131907803378,-0.07630445864017443,-0.015317466005329017,-0.006823520366013969,-0.045617542077769135,-0.017699298135301356,-0.0441016662313608,-0.0065190161631819565,-0.09122383660461464,-0.035085119866277936,0.4708940860761408,-0.335642766998107
MA0000041899,BMCI MONETAIRE PLUS,CIH CAPITAL MANAGEMENT,MONÉTAIRE,457026799.64,0.25,TMP INTERBANCAIRE,TMP,0.002015521712444457,0.006372572898231121,0.013765485494470209,0.02511761699552073,0.08265128931946464,0.01475926212443146,0.0018494492591557168,0.00016607245328874006,0.0056097476961394785,0.0007628252020916429,0.011222105363592994,0.002543380130877215,0.022510364583333334,0.002607252412187396,0.0757503,0.0069009893194646316
MA0000041931,HORIZON TREASURY FUND,SAHAM CAPITAL GESTION,MONÉTAIRE,1006659868.8,0.25,75% MONIA + 25% MBI CT,75% MONIA + 25% MBI CT,0.0016880227115783075,0.005029638943775838,0.010023295996699044,0.019152202763538018,0.07084267512440534,0.011449231696293971,,,,,,,,,,
MA0000041949,HORIZON OBLIG TRESOR,SAHAM CAPITAL GESTION,OMLT,12476194.41,5.1,MBI GLOBAL,MBI GLOBAL,0.000961759048476285,0.0035295990941579536,0.01290201610743047,0.009548811960487624,0.09649139764160086,0.00762985859447185,,,,,,,,,,
MA0000041956,HORIZON MID & SMALL CAP,SAHAM CAPITAL GESTION,ACTIONS,22760927.75,,MASI,MASI,-0.029829975192109948,-0.06703130455021533,-0.05515615792575124,-0.13554021996980803,0.538919282080814,-0.09253494821438679,-0.015317466005329017,-0.01451250918678093,-0.045617542077769135,-0.021413762472446196,-0.0441016662313608,-0.011054491694390434,-0.09122383660461464,-0.04431638336519339,0.4708940860761408,0.06802519600467316
MA0000041964,SOCIAL IMPACT FUND,SAHAM CAPITAL GESTION,MONÉTAIRE,69878957.1,0.25,MONIA,MONIA,0.0018127007270507534,-0.020997198448075127,-0.015252021498087576,-0.004990215264187858,-0.008975645885918593,-0.013924713457324045,0.0018150684931506845,-2.367766099931187e-06,0.005508985143739148,-0.026506183591814274,0.011031856879983645,-0.02628387837807122,0.022200233463035023,-0.02719044872722288,0.07599452000000002,-0.08497016588591862
MA0000041972,WINEO AL AMINE,WINEO GESTION,ACTIONS,58417358.94,,-,-,-0.01990679094540604,-0.004598012035972543,-0.0055394176856041755,-0.028893726499109373,0.5525205652815863,-0.009420631182289196,,,,,,,,,,
MA0000041980,WINEO ACTIONS,WINEO GESTION,ACTIONS,642390453.76,,MASI,MASI,-0.01894102844788048,-0.02626536767457277,-0.008399271864160895,-0.04466039171281477,0.5876785786481131,-0.016483991858183167,-0.015317466005329017,-0.0036235624425514645,-0.045617542077769135,0.019352174403196365,-0.0441016662313608,0.03570239436719991,-0.09122383660461464,0.046563444891799866,0.4708940860761408,0.11678449257197232
MA0000041998,WINEO CASH,WINEO GESTION,MONÉTAIRE,207445420.48,0.25,-,-,0.00189095901411096,0.006145701910695411,0.012639088885979755,0.023992957653257152,0.08711019295360956,0.014099370739381278,,,,,,,,,,
MA0000042004,WINEO DELTA,WINEO GESTION,DIVERSIFIÉ,633632701.67,,50% MBI MT + 50% MASI,50% MBI MT + 50% MASI,-0.009311786220795759,-0.013957894150314343,0.002274936990853238,-0.017211616336920033,0.37160499409002523,-0.006293840459333455,,,,,,,,,,
MA0000042012,WINEO OBLIG,WINEO GESTION,OMLT,165403994.97,3.0999999999999996,MBI,MBI,0.002438585293203177,0.004153232417071884,0.009077579531787894,0.0035718967099227505,0.18007835078029677,0.0017827644297607748,,,,,,,,,,
MA0000042020,WINEO OBLIG CT,WINEO GESTION,OCT,716681681.89,0.8,MBI CT,MBI CT,0.0021451792441007367,0.0066719489347837335,0.014393911129351178,0.025087281419425844,0.10355800530900194,0.01515140200873688,,,,,,,,,,
MA0000042038,WINEO OBLIG SECURITE,WINEO GESTION,OMLT,549033.98,3.0999999999999996,MBI MLT,MBI MLT,0.0007296844766142563,0.0007036059806508899,0.007926769250959698,-0.0050652589305955065,0.15510953021951157,-0.001300364752312988,,,,,,,,,,
MA0000042046,ATLAS TRESORERIE,ATLAS CAPITAL MANAGEMENT,MONÉTAIRE,389685994.55,0.25,MONIA,MONIA,0.0018272821164693198,0.005662333519419471,0.011713735558408267,0.02163169407761467,0.08342641120371153,0.013014138817480703,0.0018150684931506845,1.2213623318635273e-05,0.005508985143739148,0.000153348375680323,0.011031856879983645,0.0006818786784246224,0.022200233463035023,-0.0005685393854203517,0.07599452000000002,0.007431891203711502
MA0000042053,ATLAS MONEBANQUES,ATLAS CAPITAL MANAGEMENT,MONÉTAIRE,818018177.16,0.25,MONIA,MONIA,0.0018687032824180605,0.006119451697127909,0.013062767006243758,0.024084378373889326,0.08777346506704298,0.01439618295491929,0.0018150684931506845,5.363478926737595e-05,0.005508985143739148,0.0006104665533887606,0.011031856879983645,0.002030910126260114,0.022200233463035023,0.0018841449108543025,0.07599452000000002,0.011778945067042954
MA0000042061,ATLAS OBLIGBANCAIRES,ATLAS CAPITAL MANAGEMENT,OCT,334746921.14,0.8,MBI CT,MBI CT,0.002156549520766715,0.006901532782280784,0.015622470454913273,0.02491422970102919,0.09762925378357101,0.01586916039187103,,,,,,,,,,
MA0000042079,ATLAS PERENNITE,ATLAS CAPITAL MANAGEMENT,OMLT,483874696.14,5.5,50% MBI MT + 50%MBI MLT,50% MBI MT + 50%MBI MLT,0.0010949704357980927,0.0,0.004688644688644494,-0.0068076477404405145,0.16983707242173485,-0.0038497857194741414,,,,,,,,,,
MA0000042087,ATLAS CROISSANCE,ATLAS CAPITAL MANAGEMENT,DIVERSIFIÉ,240236811.46,,50% MASI + 50% MBI,50% MASI + 50% MBI,-0.009314883563955378,-0.01674817444898502,-0.014701933404940859,-0.05886502084001266,0.3360946745562132,-0.03561337801432407,,,,,,,,,,
MA0000042095,ATLAS OPTIMISATION,ATLAS CAPITAL MANAGEMENT,ACTIONS,6432720.98,,MASI RN,MASI RN,-0.01810717372515125,-0.033395728750106324,-0.032407801720466645,-0.09751350492532562,0.5280785526935234,-0.06103810232250595,,,,,,,,,,
MA0000042111,ATTIJARI MIXED DISTRIBUTION,WAFA GESTION,DIVERSIFIÉ,1088908.85,,70% MBI MT + 30% MASI,70% MBI MT + 30% MASI,-0.013495367261984637,-0.011437798560182899,0.0027982527982528538,-0.0430506708349615,0.3435442574981713,-0.01719063545150501,,,,,,,,,,
MA0000042129,ATTIJARI FIXED INCOME DISTRIBUTION,WAFA GESTION,OMLT,1031828.79,7.0,MBI MT,MBI MT,0.0014732965009209842,-0.004758418740849146,0.00341359904050198,-0.007573683730267344,0.08369868473495412,-0.0022018348623852324,,,,,,,,,,
MA0000042137,ATTIJARI VALEURS ESG,WAFA GESTION,ACTIONS,1143098.99,,ESG 10 INDEX,ESG 10 INDEX,-0.017838405036726068,-0.02946954813359537,-0.003250756641631991,-0.07050645481628603,0.5078853654400544,-0.0304219823356231,,,,,,,,,,
MA0000042145,ATTIJARI CASH GARANTI,WAFA GESTION,CONTRACTUEL,2510090506.53,,MONIA,MONIA,0.0014710208884964882,0.004852308997989052,0.009555409325560538,0.01937150236762819,0.07065067819933168,0.011092237290338147,0.0018150684931506845,-0.0003440476046541964,0.005508985143739148,-0.0006566761457500962,0.011031856879983645,-0.001476447554423107,0.022200233463035023,-0.0028287310954068327,0.07599452000000002,-0.005343841800668339
MA0000042152,FCP EMERGENCE MONÉTAIRE PLUS ,VALORIS MANAGEMENT,OCT,2409864156.16,0.8,MBI CT,MBI CT,0.002167342425359431,0.006970215476693076,0.015705085100342187,0.026116361220977824,0.10732438420435297,0.015796159306582958,,,,,,,,,,
MA0000042160,EMERGENCE EQUITY FUND,VALORIS MANAGEMENT,ACTIONS,774248077.94,,MASI,MASI,-0.019946789177558433,-0.028113781519874315,-0.07370663002404665,-0.1452897172562445,0.4842680053724375,-0.10543287860289818,-0.015317466005329017,-0.004629323172229416,-0.045617542077769135,0.01750376055789482,-0.0441016662313608,-0.029604963792685846,-0.09122383660461464,-0.05406588065162987,0.4708940860761408,0.013373919296296721
MA0000042178,EMERGENCE MONÉTAIRE,VALORIS MANAGEMENT,MONÉTAIRE,1408216898.72,0.25,TMP au jour le jour,TMP,0.002012133544923689,0.00647513289657331,0.013291357929896108,0.025185668562195174,0.09458125627265401,0.014490971010370668,0.0018494492591557168,0.00016268428576797197,0.0056097476961394785,0.0008653852004338316,0.011222105363592994,0.0020692525663031144,0.022510364583333334,0.002675303978861839,0.0757503,0.018830956272654006
MA0000042186,EMERGENCE RENDEMENT BANQUES,VALORIS MANAGEMENT,OMLT,886055396.53,3.0999999999999996,50 % MBI MT + 50% MBI MLT,50 % MBI MT + 50% MBI MLT,-0.0007499583356479489,-0.0018450952374347018,1.3898733825401521e-05,-0.014815423376054349,0.16331711102847257,-0.00973065224272962,,,,,,,,,,
MA0000042194,PATRIMOINE CROISSANCE,WAFA GESTION,DIVERSIFIÉ,464729095.05,,25% MASI RB + 75% MBI MLT,25% MASI RB + 75% MBI MLT,-0.014365678128150816,-0.025324550305297233,-0.008311353953140088,-0.0034028671264755284,0.406868145501464,-0.010782028556673762,,,,,,,,,,
MA0000042202,EMERGENCE ÉQUILIBRE,VALORIS MANAGEMENT,DIVERSIFIÉ,2406355789.98,,80% MBI Global + 20% MASI,80% MBI GLOBAL + 20% MASI,-0.010896861208660069,-0.01733623336745138,-0.0420560299338002,-0.08968117210506632,0.2871544317178345,-0.062060251942171574,,,,,,,,,,
MA0000042210,EMERGENCE RENDEMENT PLUS,VALORIS MANAGEMENT,OMLT,267304099.11,5.0,50% MBI MT + 50% MBI MLT,50% MBI MT + 50% MBI MLT,-0.0028017974470524454,0.001825572402381237,0.0019787553628767274,-0.015483460447358821,0.15324333837139492,-0.00990970173130945,,,,,,,,,,
MA0000042228,FCP CKG GARANTI,CDG CAPITAL GESTION,CONTRACTUEL,13369691.98,,MONIA,MONIA,0.0015298843670219497,0.0050484595605202465,0.010052534431350235,0.019967883155862065,,0.011594175419968877,0.0018150684931506845,-0.0002851841261287348,0.005508985143739148,-0.0004605255832189018,0.011031856879983645,-0.0009793224486334094,0.022200233463035023,-0.002232350307172958,0.07599452000000002,
MA0000042251,WG SERENITE,WAFA GESTION,DIVERSIFIÉ,159302919.17,,40% MASI RB + 60% MBI MT,40% MASI RB + 60% MBI MT,-0.0030617601321464294,-0.002005361872082778,0.006289860299647954,-0.0007708517117339664,0.1706411668865051,-0.005184220316398203,,,,,,,,,,
MA0000042269,WG BALANCED,WAFA GESTION,DIVERSIFIÉ,409448920.87,,50% MASI RB + 50% MBI MT,50% MASI RB + 50% MBI MT,-0.007753463710807762,-0.0034084918771264405,0.01991184350075703,0.0059498255564358615,0.4230713302026399,0.008364295368726182,,,,,,,,,,
MA0000042277,WG PERFORMANCE,WAFA GESTION,DIVERSIFIÉ,142612140.38,,15% MASI + 85% MBI MT,15% MASI + 85% MBI MT,-0.009372924202927901,-0.008796645531339409,0.03924477429872719,0.0385173782122441,0.40582174286017225,0.034361317207465714,,,,,,,,,,
MA0000042285,HORIZON AVENIR,SAHAM CAPITAL GESTION,OMLT,1059320.97,4.5,MBI GLOBAL,MBI GLOBAL,0.00023476721927262467,0.0016456886574074403,0.010287652992357232,0.00027992739947446665,,0.002733724382649072,,,,,,,,,,
MA0000042319,WG LOW VOLATILITY FACTOR FUND,WAFA GESTION,ACTIONS,1232032.88,,MASI,MASI,-0.017728423923631498,-0.023183726186632225,-0.015426674477641122,-0.1020480854853072,,-0.046340079440136295,-0.015317466005329017,-0.002410957918302481,-0.045617542077769135,0.02243381589113691,-0.0441016662313608,0.02867499175371968,-0.09122383660461464,-0.010824248880692555,0.4708940860761408,
MA0000042327,WG VALUE FACTOR FUND,WAFA GESTION,ACTIONS,1170653.14,,MASI,MASI,-0.014959096221269896,-0.02708734128510948,-0.08010768335273566,-0.15016468374000136,,-0.10845497496650447,-0.015317466005329017,0.00035836978405912046,-0.045617542077769135,0.018530200792659657,-0.0441016662313608,-0.036006017121374856,-0.09122383660461464,-0.05894084713538672,0.4708940860761408,
MA0000042335,WG MOMENTUM FACTOR FUND,WAFA GESTION,ACTIONS,1217108.11,,MASI,MASI,-0.019449957470938473,-0.03879933296275717,-0.03277771562814635,-0.10843000773395206,,-0.05518522565839812,-0.015317466005329017,-0.004132491465609456,-0.045617542077769135,0.006818209115011964,-0.0441016662313608,0.01132395060321445,-0.09122383660461464,-0.017206171129337422,0.4708940860761408,
MA0000042350,CKG ACTIONS IDIKHAR,CDG CAPITAL GESTION,ACTIONS,1138955.87,,MASI,MASI,-0.02916160388821376,-0.059723448072962704,-0.06144157666329508,-0.10734568475933348,0.5594470046082949,-0.1063472830645914,-0.015317466005329017,-0.013844137882884744,-0.045617542077769135,-0.014105905995193568,-0.0441016662313608,-0.01733991043193428,-0.09122383660461464,-0.016121848154718843,0.4708940860761408,0.08855291853215408
MA0000042392,WG RENDEMENT,WAFA GESTION,DIVERSIFIÉ,1293704948.89,,30% MASI RENTABILITE + 70% MBI GLOBAL,30% MASI RENTABILITE + 70% MBI GLOBAL,-0.015642079504465167,0.005599577494487029,0.04934431467343492,0.09040589087631479,0.39887488944728267,0.05516768196740851,,,,,,,,,,
MA0000042426,CIH ACTIONS,CIH CAPITAL MANAGEMENT,ACTIONS,4291354.64,,MASI,MASI,-0.01835607971216313,-0.038054288491736976,-0.0542841389450468,-0.12030116321213391,0.456195063419383,-0.08348591825248097,-0.015317466005329017,-0.0030386137068341146,-0.045617542077769135,0.007563253586032159,-0.0441016662313608,-0.010182472713685997,-0.09122383660461464,-0.02907732660751927,0.4708940860761408,-0.01469902265675782
MA0000042434,CIH CASH,CIH CAPITAL MANAGEMENT,MONÉTAIRE,332272284.77,0.25,80% MBI CT + 20% TMP,80% MBI CT + 20% TMP,0.002037873690281744,0.006864266534446939,0.014211400254261486,0.026179006917190772,0.08981230441116006,0.015621143428727446,,,,,,,,,,
MA0000042442,CIH EPARGNE,CIH CAPITAL MANAGEMENT,DIVERSIFIÉ,1732064.15,,60 % MBI GLOBAL + 40% MASI,60 % MBI GLOBAL + 40% MASI,-0.006975936262361926,-0.017015910862487993,-0.023156733998295875,-0.026788632649355493,0.28605537058700015,-0.01868525732281745,,,,,,,,,,
MA0000042459,CIH MONETAIRE PLUS,CIH CAPITAL MANAGEMENT,OCT,265433936.43,0.8,80% MBI CT +20 MBI MT,80% MBI CT + 20 MBI MT,0.0024890017236336437,0.007674505879409654,0.016935565318386026,0.027003078962969607,0.09930128143892358,0.017153860723530423,,,,,,,,,,
MA0000042467,CIH OBLIGATIONS,CIH CAPITAL MANAGEMENT,OMLT,6939973.36,5.0,MBI GLOBAL,MBI GLOBAL,0.0011170847658203975,0.000545478644766062,0.0067711405781119005,0.0016177761446913852,0.2345263555164172,-0.001896886664835895,,,,,,,,,,
MA0000042475,CIH PATRIMOINE,CIH CAPITAL MANAGEMENT,DIVERSIFIÉ,10055591.85,,80% MBI GLOBAL + 20% MASI,80% MBI GLOBAL + 20% MASI,-0.005211944845460503,-0.01781705948372614,-0.02476193660186443,-0.053289484359871686,0.17371128144258696,-0.04356878217248272,,,,,,,,,,
MA0000042483,CIH TRESORERIE,CIH CAPITAL MANAGEMENT,MONÉTAIRE,1344130.53,0.25,50% MBI CT + 50% TMP,50% MBI CT + 50% TMP,0.0007037150581088447,0.0022399933009547013,0.0049328295549957435,0.007880591149597826,0.044469493127772486,0.004869550616040108,,,,,,,,,,
MA0000042491,WINEO OCT PLUS,WINEO GESTION,OCT,63546444.71,0.8,MBI CT,MBI CT,0.002271601245174004,0.0075744760830751545,0.01694979559703702,0.028204267561735774,,0.017789675533025795,,,,,,,,,,
MA0000042517,WINEO DIVIDENDES ET CROISSANCE,WINEO GESTION,ACTIONS,9621947.17,,MASI,MASI,-0.016394810079547573,-0.020761141183309517,-0.04733610470496652,-0.07289790433713583,,-0.052596596304141374,-0.015317466005329017,-0.0010773440742185558,-0.045617542077769135,0.024856400894459618,-0.0441016662313608,-0.0032344384736057163,-0.09122383660461464,0.018325932267478806,0.4708940860761408,
MA0000042525,WG HORIZON,WAFA GESTION,DIVERSIFIÉ,173784622.44,,75% MBI GLOBAL + 25% MASI RB,75% MBI GLOBAL + 25% MASI RB,-0.008340333026095381,-0.012134302028157129,0.002304289586356756,-0.018928341365143986,0.3546592970847,-0.01332771209804784,,,,,,,,,,
MA0000042533,AWG CAPITAL CROISSANCE,WAFA GESTION,DIVERSIFIÉ,146524349.52,,70% MBI GLOBAL + 30% MASI RB,70% MBI GLOBAL + 30% MASI RB,-0.009850567599646975,-0.011815448166935028,0.007171824532799409,-0.02398,,-0.012295455235435182,,,,,,,,,,
MA0000042541,WG EPARGNE,WAFA GESTION,DIVERSIFIÉ,865196644.83,,90% MASI RB + 10% MBI GLOBAL,90% MASI RB + 10% MBI GLOBAL,-0.008647976486547582,-0.01819301388266903,-0.005781985148234248,-0.029600531149717946,0.2072549559471364,-0.02251574430139902,,,,,,,,,,
MA0000042558,WG DYNAMIC,WAFA GESTION,DIVERSIFIÉ,366458933.71,,75% MBI + 25% MASI RB,75% MBI + 25% MASI RB,-0.015014190094563395,-0.01759203802581788,0.003054343901558454,-0.014422347047214235,0.39146404470806395,-0.010276918336692642,,,,,,,,,,
MA0000042574,HORIZON OBLI BANQUES,SAHAM CAPITAL GESTION,OCT,899908725.57,0.8,MBI CT,MBI CT,0.0021763289498055727,0.006932167116404653,0.015007269145992597,0.023454863574029483,0.09679217554350572,0.014816898766821351,,,,,,,,,,
MA0000042582,HORIZON EQUITY VALUE,SAHAM CAPITAL GESTION,ACTIONS,1377122.43,,MASI,MASI,-0.0097866611433306,-0.04837024135357049,-0.09894925316873204,-0.1577626073552082,0.4073447159258168,-0.12408391352143644,-0.015317466005329017,0.005530804861998417,-0.045617542077769135,-0.0027526992758013513,-0.0441016662313608,-0.05484758693737124,-0.09122383660461464,-0.06653877075059356,0.4708940860761408,-0.06354937015032402
MA0000042590,HORIZON AL BARAKA,SAHAM CAPITAL GESTION,ACTIONS,40346156.53,,MASI,MASI,-0.029785494897453746,-0.07982615845421981,-0.06024399899233457,-0.13719767390633952,0.5752865473557209,-0.09091014586935586,-0.015317466005329017,-0.014468028892124729,-0.045617542077769135,-0.03420861637645067,-0.0441016662313608,-0.016142332760973765,-0.09122383660461464,-0.045973837301724885,0.4708940860761408,0.10439246127958013
MA0000042632,WINEO EQUINOXE,WINEO GESTION,DIVERSIFIÉ,92563522.76,,50% MBI + 50% MASI,50% MBI + 50% MASI,-0.005267377779581972,-0.008923650961378038,0.010808134977929873,-0.01094886828057362,0.6707207936656752,0.007426289579039791,,,,,,,,,,
MA0000042657,FCP HORIZON DIVERSIFIE,SAHAM CAPITAL GESTION,DIVERSIFIÉ,1001238.59,,50% MBI GLOBAL + 50% MASI,50% MBI GLOBAL + 50% MASI,,,,,,0.0004994007191370109,,,,,,,,,,
MA0000042665,FCP HORIZON ACTIONS,SAHAM CAPITAL GESTION,ACTIONS,1003564.05,,MASI 20,MASI 20,,,,,,0.0005982650314086957,,,,,,,,,,
MA0000300030,AD CAPITAL DYNAMIC BOND,AD CAPITAL ASSET MANAGEMENT,OMLT,539917.62,5.0,MBI MLT,MBI MLT,0.0015368187851148019,0.0018167480210424802,,,,0.0018167480210424802,,,,,,,,,,
MA0000300048,AD CAPITAL MULTISTRATEGIE,AD CAPITAL ASSET MANAGEMENT,ACTIONS,538215.39,,MASI,MASI,-0.0010498425236213915,-0.0025756728695790487,,,,-0.0025756728695790487,-0.015317466005329017,0.014267623481707625,-0.045617542077769135,0.04304186920819009,-0.0441016662313608,,-0.09122383660461464,,0.4708940860761408,
MA0000300055,AD CAPITAL OBLIGATAIRE PLUS,AD CAPITAL ASSET MANAGEMENT,OMLT,542253.79,5.0,MBI MLT,MBI MLT,0.0017457752239580238,0.0023657416650029184,,,,0.0023657416650029184,,,,,,,,,,
