CODE ISIN,OPCVM,Société de Gestion,Classification,AN,Perf_YTD_calculee_%,Pct_mois_positifs,Volatilite_annualisee_%,Max_Drawdown_%,Score_Performance,Score_Volatilite,Score_Regularite,Score_Drawdown,Score_Taille,Score_Global,Rang_Categorie,Rang_Global
MA0000039059,WG VALEURS,WAFA GESTION,ACTIONS,141999596.2,4.847021044469901,56.14035087719298,13.047741757333704,24.317792285323627,100.0,82.55813953488372,33.72093023255814,73.5632183908046,65.51724137931035,74.96992782678427,6.0,44.0
MA0000039885,QUANTUM OPTIMUM CROISSANCE,QUANTUM CAPITAL GESTION,ACTIONS,993865.61,4.737464259373403,42.857142857142854,19.25634379022308,11.68927084732106,98.79518072289156,2.3255813953488373,4.651162790697675,95.40229885057471,10.344827586206897,46.49500971005111,45.0,249.0
MA0000039067,WG TAYSSIR,WAFA GESTION,ACTIONS,75042066.76,3.7921073778858894,49.122807017543856,13.255994739173907,24.149715528942885,97.59036144578313,79.06976744186046,8.13953488372093,75.86206896551724,59.77011494252874,68.0287791100247,13.0,80.0
MA0000040198,PATRIMOINE AL MOUSSAHAMA,WAFA GESTION,ACTIONS,49158628.13,3.08291991495393,55.12820512820513,13.8774941391235,26.41061763179358,96.3855421686747,62.7906976744186,28.488372093023255,55.172413793103445,54.02298850574713,63.989172407351944,17.0,116.0
MA0000040156,ATTIJARI AL MOUCHARAKA,WAFA GESTION,ACTIONS,435345380.73,2.7042612601675176,55.12820512820513,13.976539615553152,26.568587544339128,95.18072289156626,59.30232558139535,28.488372093023255,52.87356321839081,82.75862068965517,65.2843692331475,14.0,102.0
MA0000041972,WINEO AL AMINE,WINEO GESTION,ACTIONS,58417358.94,2.229166666666682,53.44827586206896,12.345070210846323,25.631937319279906,93.97590361445783,91.86046511627907,16.27906976744186,63.2183908045977,57.47126436781609,69.64358637436675,12.0,67.0
MA0000042137,ATTIJARI VALEURS ESG,WAFA GESTION,ACTIONS,1143098.99,1.6925892040256185,58.69565217391305,13.528923207607935,16.60091202541373,92.7710843373494,73.25581395348837,79.06976744186046,90.80459770114942,16.091954022988507,77.18911733542026,4.0,35.0
MA0000040255,PROFIL DYNAMIQUE,WAFA GESTION,ACTIONS,336087019.13,1.5645067133683632,58.97435897435898,12.47652032471847,25.364926137194686,91.56626506024097,90.69767441860465,83.13953488372093,65.51724137931035,75.86206896551724,84.18599820291593,1.0,9.0
MA0000041980,WINEO ACTIONS,WINEO GESTION,ACTIONS,642390453.76,1.5542019404602536,57.692307692307686,12.618235432539143,24.96638414747164,90.36144578313254,88.37209302325581,68.02325581395348,68.96551724137932,88.50574712643679,82.00151045239498,2.0,17.0
MA0000040966,RMA PERFORMANCE,RMA ASSET MANAGEMENT,ACTIONS,1010577768.26,0.8328213529933848,56.41025641025641,14.744454033064658,29.73859994594386,89.1566265060241,37.2093023255814,46.51162790697674,17.24137931034483,93.10344827586206,57.24819083873586,27.0,163.0
MA0000030611,CDM EXPANSION,WAFA GESTION,ACTIONS,93896168.04,0.5134049939353291,56.41025641025641,14.746779919225029,29.980421947812257,87.95180722891565,36.04651162790697,46.51162790697674,9.195402298850574,62.06896551724138,52.28570255359851,37.0,208.0
MA0000040347,PATRIMOINE ACTIONS,WAFA GESTION,ACTIONS,1769383663.24,0.4240590708645353,62.82051282051282,13.945443552348847,28.717690500167848,86.74698795180723,60.46511627906976,97.67441860465115,28.735632183908045,97.70114942528735,74.75571894635478,7.0,45.0
MA0000040735,RMA EXPANSION,RMA ASSET MANAGEMENT,ACTIONS,1284068258.3,0.29203255967884534,55.12820512820513,11.504965309194592,18.184858266982847,85.54216867469879,94.18604651162791,28.488372093023255,88.50574712643679,95.40229885057471,77.72292860294425,3.0,34.0
MA0000037434,ATLAS SELECTION,ATLAS CAPITAL MANAGEMENT,ACTIONS,1665608.6,0.19685756990266423,56.41025641025641,13.828446218013221,26.318780676827693,84.33734939759037,65.11627906976744,46.51162790697674,57.47126436781609,22.988505747126435,61.80214039799938,20.0,131.0
MA0000039844,STERLING EQUITY,STERLING ASSET MANAGEMENT,ACTIONS,379138941.66,0.07211823084292135,44.44444444444444,17.385089766287955,13.61007453303695,83.13253012048193,4.651162790697675,5.813953488372093,93.10344827586206,77.01149425287356,48.93200709816008,41.0,233.0
MA0000041436,CDM PROFIL DYNAMISME,WAFA GESTION,ACTIONS,17594654.99,-0.1038072848288718,57.692307692307686,14.843298726578544,29.81792933189322,81.92771084337349,26.744186046511626,68.02325581395348,12.643678160919542,43.67816091954023,51.133378743522606,38.0,216.0
MA0000037194,ATLAS AMBITION,ATLAS CAPITAL MANAGEMENT,ACTIONS,726347.07,-0.5060058639931975,56.41025641025641,13.441981128871866,24.178451868552298,80.72289156626506,77.90697674418605,46.51162790697674,74.71264367816092,5.747126436781609,64.77754643272368,16.0,110.0
MA0000036063,ATTIJARI ACTIONS,WAFA GESTION,ACTIONS,464860943.3,-0.5195431527719951,60.256410256410255,14.913983740407557,29.525724587435864,79.51807228915662,24.418604651162788,90.11627906976744,19.54022988505747,85.0574712643678,59.42011027268657,25.0,148.0
MA0000030645,ATTIJARI PATRIMOINE VALEURS,WAFA GESTION,ACTIONS,1047126537.35,-0.5227215243234218,58.97435897435898,15.085987868179412,30.11772774031317,78.3132530120482,18.6046511627907,83.13953488372093,8.045977011494253,94.25287356321839,55.4052295791023,30.0,183.0
MA0000042319,WG LOW VOLATILITY FACTOR FUND,WAFA GESTION,ACTIONS,1232032.88,-0.9365380836990012,64.51612903225806,13.889954779660943,17.17148182665425,77.10843373493977,61.627906976744185,98.83720930232558,89.65517241379311,20.689655172413794,73.82419010444343,9.0,50.0
MA0000040826,AL BADIL CHAABI ASSHOUM,UPLINE CAPITAL MANAGEMENT,ACTIONS,143757983.43,-1.17137812541529,56.41025641025641,13.824634379887918,25.50277657487836,75.90361445783132,66.27906976744185,46.51162790697674,64.36781609195403,66.66666666666666,64.96501644106498,15.0,107.0
MA0000040958,RMA MULTISTRATEGIES,RMA ASSET MANAGEMENT,ACTIONS,1828170954.64,-1.287020473066991,57.692307692307686,13.49033128086457,25.2,74.69879518072288,74.4186046511628,68.02325581395348,67.81609195402298,98.85057471264368,74.67641214416608,8.0,46.0
MA0000035651,ATLAS PREMIUM,ATLAS CAPITAL MANAGEMENT,ACTIONS,639368.7,-1.848099879531262,60.256410256410255,13.164203509848042,22.559644237895878,73.49397590361446,81.3953488372093,90.11627906976744,79.3103448275862,2.2988505747126435,72.54672257594935,10.0,57.0
MA0000042517,WINEO DIVIDENDES ET CROISSANCE,WINEO GESTION,ACTIONS,9621947.17,-2.192780714388065,50.0,14.410901230560146,12.903740939261803,72.28915662650603,46.51162790697674,9.883720930232558,94.25287356321839,39.08045977011494,53.337375162236754,34.0,194.0
MA0000042335,WG MOMENTUM FACTOR FUND,WAFA GESTION,ACTIONS,1217108.11,-2.426362713012087,61.29032258064516,16.266154267577285,19.815179518254812,71.08433734939759,5.813953488372093,94.76744186046511,85.0574712643678,19.54022988505747,56.444921627166245,28.0,170.0
MA0000042095,ATLAS OPTIMISATION,ATLAS CAPITAL MANAGEMENT,ACTIONS,6432720.98,-2.822804841537996,60.256410256410255,12.62341449128524,23.047789560666573,69.87951807228916,87.20930232558139,90.11627906976744,78.16091954022988,34.48275862068966,75.96185061013904,5.0,38.0
MA0000035883,CAPITAL DIVIDENDES PLUS,BMCE CAPITAL GESTION,ACTIONS,3675439.54,-3.1476047536631024,56.41025641025641,14.684790672937561,28.864171724213023,68.67469879518072,38.372093023255815,46.51162790697674,27.586206896551722,28.735632183908045,46.50925272863709,44.0,248.0
MA0000030058,BMCI COSMOS,CIH CAPITAL MANAGEMENT,ACTIONS,19423094.26,-3.2289875014333225,56.41025641025641,14.85083437040265,29.740680713128036,67.46987951807229,25.581395348837212,46.51162790697674,16.091954022988507,44.827586206896555,42.835189998164275,58.0,281.0
MA0000036576,UPLINE VALEURS PLUS,UPLINE CAPITAL MANAGEMENT,ACTIONS,10410988.87,-3.5030214495699097,60.256410256410255,14.39906492847019,26.443283757213315,66.26506024096386,47.674418604651166,90.11627906976744,54.02298850574713,41.37931034482759,62.06275784775027,19.0,129.0
MA0000040719,RMA DYNAMIQUE,RMA ASSET MANAGEMENT,ACTIONS,7483511748.26,-3.5150806085844977,56.41025641025641,12.501565180765153,25.29517230703248,65.06024096385542,89.53488372093024,46.51162790697674,66.66666666666666,100.0,71.20411880078453,11.0,63.0
MA0000039133,CKG ISR SELECTION,CDG CAPITAL GESTION,ACTIONS,866182.5,-3.591826373905327,48.148148148148145,16.14730732191017,26.915999999999997,63.85542168674698,6.976744186046512,6.976744186046512,45.97701149425287,8.045977011494253,29.997310815032378,76.0,363.0
MA0000041477,ATTIJARI DIVIDEND FUND,WAFA GESTION,ACTIONS,216727961.51,-3.785799229249198,51.28205128205128,14.792655977503447,32.32504273975625,62.65060240963856,32.55813953488372,12.790697674418606,2.2988505747126435,71.26436781609196,36.96411950931231,67.0,323.0
MA0000039729,FCP OPTIMA PERFORMANCE,ALPHAVEST ASSET MANAGEMENT,ACTIONS,55528638.45,-3.8138864583869503,35.714285714285715,17.84520161554834,21.101810572286414,61.44578313253012,3.488372093023256,2.3255813953488373,81.60919540229885,56.32183908045977,37.644507460475424,65.0,319.0
MA0000040081,KENZ ACTIONS,UPLINE CAPITAL MANAGEMENT,ACTIONS,637933897.65,-3.8303842987010728,55.12820512820513,15.058323471541835,27.089774336155326,60.24096385542169,19.767441860465116,28.488372093023255,44.827586206896555,87.35632183908046,44.17159415528997,54.0,272.0
MA0000036758,CFG CONSTRUCTION,CFG GESTION,ACTIONS,11489039.69,-3.8944205502857376,57.692307692307686,13.729259231455353,26.18911642326833,59.036144578313255,68.6046511627907,68.02325581395348,58.620689655172406,42.5287356321839,61.5126343384766,22.0,133.0
MA0000038994,AFG DYNAMIC FUND,AFG ASSET MANAGEMENT,ACTIONS,10330450.48,-3.989518413930926,56.41025641025641,14.77137314331029,27.731362896237822,57.831325301204814,33.72093023255814,46.51162790697674,40.229885057471265,40.229885057471265,45.13942699426415,49.0,261.0
MA0000036303,FCP CAPITAL ACTIONS,BMCE CAPITAL GESTION,ACTIONS,390632623.93,-4.029344952146873,57.692307692307686,14.794336203198602,29.86114695710525,56.62650602409639,31.3953488372093,68.02325581395348,11.494252873563218,79.3103448275862,48.09661259311504,42.0,238.0
MA0000037756,FCP CAPITAL AFRIQUE,BMCE CAPITAL GESTION,ACTIONS,1184047.3,-4.03885914974369,58.97435897435898,14.167275424674344,26.171450799876823,55.42168674698795,56.97674418604651,83.13953488372093,59.77011494252874,18.39080459770115,58.30319674850163,26.0,156.0
MA0000041881,BMCI PREMIUM EQUITY INCOME,CIH CAPITAL MANAGEMENT,ACTIONS,113596487.97,-4.264646647578063,53.84615384615385,13.46877938034903,28.94892799979137,54.21686746987952,76.74418604651163,20.348837209302324,26.436781609195403,64.36781609195403,49.92317304502694,40.0,225.0
MA0000040040,UPLINE ACTIONS,UPLINE CAPITAL MANAGEMENT,ACTIONS,1987024.99,-4.3732384255586005,56.41025641025641,14.659004698530081,27.87453990132352,53.01204819277109,40.69767441860465,46.51162790697674,36.7816091954023,25.287356321839084,43.42633565537209,57.0,277.0
MA0000036493,FCP CAPITAL MAGHREB,BMCE CAPITAL GESTION,ACTIONS,742766202.0,-4.460203467609968,57.692307692307686,15.16852370352651,29.100568506243647,51.80722891566265,13.953488372093023,68.02325581395348,25.287356321839084,90.80459770114942,45.50875514890355,47.0,256.0
MA0000038564,FCP EMERGENCE SELECTION,VALORIS MANAGEMENT,ACTIONS,239607762.7,-4.472792689364635,56.41025641025641,15.74447049089041,28.354245549741957,50.602409638554214,8.13953488372093,46.51162790697674,32.18390804597701,72.41379310344827,38.586897711133226,63.0,313.0
MA0000035768,CFG EMERGENCE,CFG GESTION,ACTIONS,27081698.63,-4.474542982717433,55.12820512820513,13.622110130704243,24.607491847997682,49.39759036144578,69.76744186046511,28.488372093023255,71.26436781609196,47.12643678160919,53.361110842729374,33.0,193.0
MA0000041709,HORIZON EPARGNE,SAHAM CAPITAL GESTION,ACTIONS,191013785.26,-4.638312774816145,56.41025641025641,14.66695086899699,27.42889864477953,48.19277108433735,39.53488372093023,46.51162790697674,42.5287356321839,68.96551724137932,46.91973990589463,43.0,244.0
MA0000036311,FCP CAPITAL SELECTION,BMCE CAPITAL GESTION,ACTIONS,1871075.05,-4.64718111776935,57.692307692307686,14.528792240070326,29.316070452730248,46.98795180722892,45.348837209302324,68.02325581395348,22.988505747126435,24.137931034482758,44.9003149728022,51.0,264.0
MA0000040073,ALISTITMAR CHAABI ACTIONS,UPLINE CAPITAL MANAGEMENT,ACTIONS,9135601.49,-4.660251790262815,53.84615384615385,15.246624642719315,28.562151826220255,45.78313253012048,11.627906976744185,20.348837209302324,29.88505747126437,37.93103448275862,28.98754601404817,77.0,369.0
MA0000042426,CIH ACTIONS,CIH CAPITAL MANAGEMENT,ACTIONS,4291354.64,-4.67506483882919,56.41025641025641,14.803815061678524,29.363028276071756,44.57831325301205,30.23255813953488,46.51162790697674,21.839080459770116,31.03448275862069,36.613269437010274,68.0,325.0
MA0000035701,PATRIMOINE AVENIR,CFG GESTION,ACTIONS,53665057.78,-4.821521722930166,55.12820512820513,11.746333786584682,21.17059220462067,43.373493975903614,93.02325581395348,28.488372093023255,80.45977011494253,55.172413793103445,59.551743461415825,24.0,147.0
MA0000030504,MAROC VALEURS,BMCE CAPITAL GESTION,ACTIONS,411150623.55,-4.830565994007319,57.692307692307686,14.537175634405264,26.893132722729135,42.168674698795186,44.18604651162791,68.02325581395348,47.12643678160919,81.60919540229885,52.53165025780749,36.0,203.0
MA0000036626,EMERGENCE PERFORMANCE,VALORIS MANAGEMENT,ACTIONS,380395760.82,-4.891167822839049,56.41025641025641,14.334957732426007,26.598992546795756,40.963855421686745,52.32558139534884,46.51162790697674,51.724137931034484,78.16091954022988,50.247590200416745,39.0,222.0
MA0000036790,AFRICAPITAL EQUITY,AFRICAPITAL MANAGEMENT,ACTIONS,104953971.66,-4.961790615286477,56.41025641025641,15.423106953310093,34.00109731526605,39.75903614457831,9.30232558139535,46.51162790697674,1.1494252873563218,63.2183908045977,30.0498706936809,75.0,362.0
MA0000041956,HORIZON MID & SMALL CAP,SAHAM CAPITAL GESTION,ACTIONS,22760927.75,-5.113031127944123,57.6271186440678,13.84813412361523,23.688693625033626,38.55421686746988,63.95348837209303,58.139534883720934,77.01149425287356,45.97701149425287,55.33196941736473,31.0,184.0
MA0000035743,CFG PERFORMANCE,CFG GESTION,ACTIONS,307514976.03,-5.139793374302693,57.692307692307686,14.923018081449351,29.720857681652035,37.34939759036144,23.25581395348837,68.02325581395348,18.39080459770115,74.71264367816092,40.85330898574249,60.0,292.0
MA0000039414,FCP EMERGENCE ACTIONS,VALORIS MANAGEMENT,ACTIONS,42125817.36,-5.1554235971437485,58.97435897435898,14.575404448797277,20.29683591437684,36.144578313253014,41.86046511627907,83.13953488372093,83.9080459770115,51.724137931034484,55.695017439445024,29.0,179.0
MA0000036923,FCP IRGAM ACTIONS,IRG ASSET MANAGEMENT,ACTIONS,460014600.34,-5.294431324750526,55.12820512820513,14.371578553339143,30.587097102703805,34.93975903614458,50.0,28.488372093023255,6.896551724137931,83.9080459770115,38.10488948576987,64.0,315.0
MA0000030793,HORIZON CROISSANCE,SAHAM CAPITAL GESTION,ACTIONS,68899338.72,-5.3175691112634205,57.692307692307686,14.75020004784787,27.77047744196233,33.734939759036145,34.883720930232556,68.02325581395348,39.08045977011494,58.620689655172406,44.17020125409415,55.0,273.0
MA0000041873,BMCI PREMIUM EQUITY GROWTH,CIH CAPITAL MANAGEMENT,ACTIONS,6521283.64,-5.377531353933085,53.84615384615385,14.363773418194231,28.010019309557833,32.53012048192771,51.162790697674424,20.348837209302324,34.48275862068966,35.63218390804598,35.35513344476543,70.0,336.0
MA0000042590,HORIZON AL BARAKA,SAHAM CAPITAL GESTION,ACTIONS,40346156.53,-5.456191165821878,58.97435897435898,14.37724677185055,24.417849019820217,31.32530120481928,48.837209302325576,83.13953488372093,72.41379310344827,50.57471264367817,54.15433989365642,32.0,188.0
MA0000040818,AL IDDIKHAR CHAABI ACTIONS,UPLINE CAPITAL MANAGEMENT,ACTIONS,42546545.95,-5.867836578009323,53.84615384615385,15.223326513519256,27.970581475522877,30.120481927710845,12.790697674418606,20.348837209302324,35.63218390804598,52.87356321839081,26.935770346824345,79.0,381.0
MA0000035784,CFG VALEURS,CFG GESTION,ACTIONS,33485753.8,-6.027266204257364,57.692307692307686,14.822015067492586,29.430189133839292,28.915662650602407,27.906976744186046,68.02325581395348,20.689655172413794,48.275862068965516,37.187128626776556,66.0,322.0
MA0000035958,FCP CAPITAL INDICE,BMCE CAPITAL GESTION,ACTIONS,1590031200.02,-6.180530446434274,53.84615384615385,14.942596561872277,31.03164597534136,27.710843373493976,22.093023255813954,20.348837209302324,5.747126436781609,96.55172413793103,28.423517647172492,78.0,373.0
MA0000036592,FCP CAPITAL IMMOBILIER,BMCE CAPITAL GESTION,ACTIONS,683564.28,-6.262023658466709,57.692307692307686,13.769317971228068,27.808903399749084,26.506024096385545,67.44186046511628,68.02325581395348,37.93103448275862,4.597701149425287,44.56634879534175,52.0,268.0
MA0000039406,IRGAM DISTRIEQUITY,IRG ASSET MANAGEMENT,ACTIONS,1063546.72,-6.382477626000949,51.28205128205128,13.178401437287798,15.79991185544293,25.301204819277107,80.23255813953489,12.790697674418606,91.95402298850574,13.793103448275861,45.37905430865402,48.0,260.0
MA0000037657,CAPITAL TRUST ACTIONS,CAPITAL TRUST GESTION,ACTIONS,663831201.3,-6.66592614533964,57.692307692307686,15.166385239954176,29.77465157141151,24.096385542168676,15.11627906976744,68.02325581395348,13.793103448275861,89.65517241379311,35.64711935150385,69.0,332.0
MA0000042160,EMERGENCE EQUITY FUND,VALORIS MANAGEMENT,ACTIONS,774248077.94,-7.093635436478407,57.692307692307686,14.539291316599787,28.517438514369026,22.89156626506024,43.02325581395349,68.02325581395348,31.03448275862069,91.95402298850574,45.07850970844082,50.0,262.0
MA0000040727,RMA EQUITY MARKET,RMA ASSET MANAGEMENT,ACTIONS,80208229.42,-7.220334080555347,53.84615384615385,14.218407802231836,24.741275571600475,21.686746987951807,55.81395348837209,20.348837209302324,70.11494252873564,60.91954022988506,41.13847531263788,59.0,289.0
MA0000038150,CFG Profil Offensif,CFG GESTION,ACTIONS,4300181.74,-7.252297671615504,57.692307692307686,12.971409996937174,26.359066005975112,20.481927710843372,84.88372093023256,68.02325581395348,56.32183908045977,32.18390804597701,52.63682637526851,35.0,200.0
MA0000037079,AD MOROCCAN EQUITY FUND,AD CAPITAL ASSET MANAGEMENT,ACTIONS,406253391.31,-7.4277754893176,58.97435897435898,15.41786111119402,31.207163473133093,19.27710843373494,10.465116279069768,83.13953488372093,4.597701149425287,80.45977011494253,33.76295076054016,72.0,349.0
MA0000041006,FCP ALPHA DYNAMIC FUND,RED MED ASSET MANAGEMENT,ACTIONS,205993039.78,-7.519141879256197,56.41025641025641,14.330958568146684,25.888324873096458,18.072289156626507,53.48837209302325,46.51162790697674,60.91954022988506,70.11494252873564,44.24553063899543,53.0,271.0
MA0000042327,WG VALUE FACTOR FUND,WAFA GESTION,ACTIONS,1170653.14,-8.017460894870855,61.29032258064516,13.02289574943663,18.39019891977341,16.867469879518072,83.72093023255815,94.76744186046511,87.35632183908046,17.24137931034483,59.77154810098453,23.0,145.0
MA0000039091,CAPITAL TRUST EQUITY,CAPITAL TRUST GESTION,ACTIONS,39943238.02,-8.078624339326101,58.18181818181818,14.820541629741909,27.54046784420729,15.66265060240964,29.069767441860467,77.90697674418605,41.37931034482759,49.42528735632184,38.69705767738154,62.0,311.0
MA0000042350,CKG ACTIONS IDIKHAR,CDG CAPITAL GESTION,ACTIONS,1138955.87,-8.653815618152372,71.7948717948718,10.168785446252048,20.516167309403745,14.457831325301203,95.34883720930233,100.0,82.75862068965517,14.942528735632186,62.082604676927446,18.0,128.0
MA0000042582,HORIZON EQUITY VALUE,SAHAM CAPITAL GESTION,ACTIONS,1377122.43,-8.746898263027303,60.256410256410255,8.305845855231679,19.632840387557366,13.253012048192772,97.67441860465115,90.11627906976744,86.20689655172413,21.839080459770116,61.532706608309745,21.0,132.0
MA0000035164,FCP CAM INVESTISSEMENT,MAROGEST,ACTIONS,4985676.91,-8.883587281626992,60.256410256410255,23.40590494638301,31.264231428296803,12.048192771084338,1.1627906976744187,90.11627906976744,3.4482758620689653,33.33333333333333,25.778986032341074,80.0,382.0
MA0000030744,CDG CROISSANCE,CDG CAPITAL GESTION,ACTIONS,3702772.62,-8.910764041648322,56.41025641025641,12.843321524045336,25.83008019239401,10.843373493975903,86.04651162790698,46.51162790697674,62.06896551724138,29.88505747126437,46.36581611127751,46.0,251.0
MA0000035081,FCP CAM DYNAMIQUE,MAROGEST,ACTIONS,7901010.51,-9.168668529057877,56.41025641025641,15.135316206502697,29.23358841111759,9.63855421686747,16.27906976744186,46.51162790697674,24.137931034482758,36.7816091954023,23.562509863028698,82.0,389.0
MA0000041048,CDG SMALL & MID CAP,CDG CAPITAL GESTION,ACTIONS,251320149.29,-10.053910973166802,55.12820512820513,15.089771696360806,29.76298655674739,8.433734939759036,17.441860465116278,28.488372093023255,14.942528735632186,73.5632183908046,22.18596116623672,83.0,392.0
MA0000041337,CAM ACTIONS,MAROGEST,ACTIONS,644257.14,-10.701754385964913,56.41025641025641,13.54948086689014,28.08303814152731,7.228915662650602,72.09302325581395,46.51162790697674,33.33333333333333,3.4482758620689653,34.83908368035091,71.0,340.0
MA0000037467,FCP MSIN ACTIONS,MAROGEST,ACTIONS,2490616.71,-10.99991297537204,52.56410256410257,13.598079015809894,26.876761465539328,6.024096385542169,70.93023255813954,15.11627906976744,48.275862068965516,26.436781609195403,32.448100340415394,74.0,355.0
MA0000038820,DAILY EQUITY FUND,CDG CAPITAL GESTION,ACTIONS,849249.09,-12.470693536213096,56.25,14.060804662223944,29.977306261918528,4.819277108433735,58.139534883720934,34.883720930232556,10.344827586206897,6.896551724137931,25.198790349851695,81.0,384.0
MA0000037541,CFG RENTABILITE,CFG GESTION,ACTIONS,501930015.28,-12.610795605328795,51.28205128205128,13.473214468047685,26.627970252131323,3.614457831325301,75.5813953488372,12.790697674418606,50.57471264367817,86.20689655172413,38.74472227321475,61.0,309.0
MA0000037400,CFG TRADER,CFG GESTION,ACTIONS,3032705.88,-12.618724559023065,61.53846153846154,14.271157979342847,26.700995537246826,2.4096385542168677,54.65116279069767,96.51162790697676,49.42528735632184,27.586206896551722,43.86042163843828,56.0,275.0
MA0000035875,FCP CAPITAL PARTICIPATIONS,BMCE CAPITAL GESTION,ACTIONS,168861243.88,-14.079979484162997,57.692307692307686,15.010996565766915,27.388380609679853,1.2048192771084338,20.930232558139537,68.02325581395348,43.67816091954023,67.81609195402298,32.53198841879144,73.0,354.0
MA0000039901,FCP ALPHA EQUITY,RED MED ASSET MANAGEMENT,ACTIONS,999591.42,,40.0,7.596207516244066,4.090663896269947,,98.83720930232558,3.488372093023256,97.70114942528735,11.494252873563218,,,
MA0000039927,TWIN PERFORMANCE,TWIN CAPITAL GESTION,ACTIONS,990671.86,,25.0,8.759796484421793,5.160851394693363,,96.51162790697676,1.1627906976744187,96.55172413793103,9.195402298850574,,,
MA0000042665,FCP HORIZON ACTIONS,SAHAM CAPITAL GESTION,ACTIONS,1003564.05,,,,0.0,,,,100.0,12.643678160919542,,,
MA0000300048,AD CAPITAL MULTISTRATEGIE,AD CAPITAL ASSET MANAGEMENT,ACTIONS,538215.39,,50.0,3.205239357953324,1.2698666240715513,,100.0,9.883720930232558,98.85057471264368,1.1494252873563218,,,
MA0000039497,CAPITAL IMTIYAZ GARANTI,BMCE CAPITAL GESTION,CONTRACTUEL,103144419.46,1.2289050704278992,100.0,0.047076318957189,0.0,100.0,85.71428571428571,100.0,100.0,57.14285714285714,92.14285714285714,1.0,1.0
MA0000042228,FCP CKG GARANTI,CDG CAPITAL GESTION,CONTRACTUEL,13369691.98,1.1977921930123925,100.0,0.044317381519711756,0.0,83.33333333333334,100.0,100.0,100.0,28.57142857142857,87.85714285714286,2.0,3.0
MA0000037350,UPLINE CAPITAL GARANTI,UPLINE CAPITAL MANAGEMENT,CONTRACTUEL,592470837.58,1.186813658004704,100.0,0.0868963217859227,0.0,66.66666666666666,42.857142857142854,100.0,100.0,71.42857142857143,72.85714285714285,4.0,55.0
MA0000042145,ATTIJARI CASH GARANTI,WAFA GESTION,CONTRACTUEL,2510090506.53,1.1477175649073246,100.0,0.05821392934887835,0.0,50.0,71.42857142857143,100.0,100.0,100.0,77.85714285714286,3.0,33.0
MA0000041691,HORIZON CAPITAL GARANTI,SAHAM CAPITAL GESTION,CONTRACTUEL,1270870470.58,1.0956172546610299,100.0,0.08523820278670578,0.0,33.33333333333333,57.14285714285714,100.0,100.0,85.71428571428571,67.85714285714286,5.0,83.0
MA0000041139,FCP ATTIJARI GOLD,WAFA GESTION,CONTRACTUEL,35792992.13,-9.325596428885618,60.256410256410255,14.64466092077875,22.36213978193095,16.666666666666664,14.285714285714285,20.0,20.0,42.857142857142854,19.857142857142854,6.0,398.0
MA0000036881,CFG PERSPECTIVES,CFG GESTION,CONTRACTUEL,607095.43,,84.61538461538461,0.5996931239508854,0.12842498673453293,,28.57142857142857,40.0,40.0,14.285714285714285,,,
MA0000030835,WG CROISSANCE,WAFA GESTION,DIVERSIFIÉ,1732477356.68,5.84161111966186,61.53846153846154,5.956101501774085,9.179137573613588,100.0,68.13186813186813,69.78021978021978,77.17391304347827,97.82608695652173,82.3477066411849,3.0,15.0
MA0000042392,WG RENDEMENT,WAFA GESTION,DIVERSIFIÉ,1293704948.89,5.344200403370203,64.1025641025641,6.104942565244746,9.786747937885995,98.86363636363636,63.73626373626373,86.81318681318682,75.0,93.47826086956522,83.55362029275072,1.0,10.0
MA0000042277,WG PERFORMANCE,WAFA GESTION,DIVERSIFIÉ,142612140.38,5.189117069037019,67.94871794871796,5.793958062412258,11.637052687879555,97.72727272727273,73.62637362637363,95.05494505494505,66.30434782608695,51.08695652173913,81.7901120618512,4.0,18.0
MA0000039364,PROFIL FLEXIBLE,WAFA GESTION,DIVERSIFIÉ,1350831.45,4.852367370943966,75.64102564102564,5.914025036228386,7.5104929928149575,96.5909090909091,70.32967032967034,100.0,83.69565217391305,18.478260869565215,80.96186422273378,5.0,21.0
MA0000030520,ATTIJARI DIVERSIFIE,WAFA GESTION,DIVERSIFIÉ,1488303503.39,4.660604543811342,64.1025641025641,7.196947258261624,14.799400138170427,95.45454545454545,43.956043956043956,86.81318681318682,41.30434782608695,96.73913043478261,72.8575772054033,14.0,54.0
MA0000036097,CAPITAL PERFORMANCE,WAFA GESTION,DIVERSIFIÉ,142950889.5,4.646398808138197,60.256410256410255,7.640007017359199,11.730597357861111,94.31818181818183,31.868131868131865,56.043956043956044,64.13043478260869,52.17391304347826,62.308235243017855,23.0,127.0
MA0000042632,WINEO EQUINOXE,WINEO GESTION,DIVERSIFIÉ,92563522.76,3.8477227817186765,60.256410256410255,11.450974573907917,23.481929048321366,93.18181818181817,4.395604395604396,56.043956043956044,3.260869565217391,41.30434782608695,44.881802979629065,56.0,266.0
MA0000039315,CFG OPPORTUNITÉS,CFG GESTION,DIVERSIFIÉ,1061412.47,3.039945498654073,63.63636363636363,5.30662311923588,6.456207165170314,92.04545454545455,80.21978021978022,83.51648351648352,88.04347826086956,9.782608695652174,78.55666073057378,8.0,29.0
MA0000042269,WG BALANCED,WAFA GESTION,DIVERSIFIÉ,409448920.87,2.5008009463489245,58.97435897435898,8.230342951452425,17.40825909368668,90.9090909090909,26.373626373626376,42.30769230769231,26.08695652173913,68.47826086956522,53.088541892889715,39.0,195.0
MA0000039539,ATTIJARI PRIVATE FUND,WAFA GESTION,DIVERSIFIÉ,2045552.54,2.0037247761172106,62.96296296296296,5.036187181776193,4.343972202151485,89.77272727272727,82.41758241758241,82.41758241758241,94.56521739130434,22.82608695652174,80.48712157407809,7.0,24.0
MA0000030827,WG DIVERSIFIE,WAFA GESTION,DIVERSIFIÉ,231504113.84,1.6520814833153707,61.53846153846154,6.454309560892782,12.720861985033114,88.63636363636364,58.24175824175825,69.78021978021978,57.608695652173914,57.608695652173914,69.5095665204361,15.0,69.0
MA0000042004,WINEO DELTA,WINEO GESTION,DIVERSIFIÉ,633632701.67,1.165261302462972,60.256410256410255,6.695634118429535,14.357782529205778,87.5,53.84615384615385,56.043956043956044,48.91304347826087,78.26086956521739,66.08337314859054,21.0,96.0
MA0000030710,ATTIJARI SELECTION,WAFA GESTION,DIVERSIFIÉ,42208144.72,1.0841196546878207,57.692307692307686,7.295564835583054,16.04021930605863,86.36363636363636,39.56043956043956,28.57142857142857,31.521739130434785,38.04347826086957,50.046095209138684,45.0,224.0
MA0000035867,FCP CAPITAL IMTIYAZ CROISSANCE,BMCE CAPITAL GESTION,DIVERSIFIÉ,1186761.38,0.9180787325963502,61.53846153846154,5.9549005611328605,9.911011148053978,85.22727272727273,69.23076923076923,69.78021978021978,73.91304347826086,15.217391304347828,69.440613734092,16.0,70.0
MA0000030538,ATTIJARI PATRIMOINE MULTIGESTION,WAFA GESTION,DIVERSIFIÉ,17992092.85,0.8933097351215391,57.692307692307686,8.42765169860118,17.475770845349842,84.0909090909091,23.076923076923077,28.57142857142857,22.82608695652174,31.521739130434785,43.28687616731094,57.0,279.0
MA0000040172,PROFIL HARMONIE,WAFA GESTION,DIVERSIFIÉ,1027764043.42,0.8374830239927578,56.41025641025641,7.81622078966671,14.814654519486709,82.95454545454545,30.76923076923077,16.483516483516482,40.21739130434783,90.21739130434783,50.92972245146158,44.0,219.0
MA0000036329,FCP CAPITAL TERME,BMCE CAPITAL GESTION,DIVERSIFIÉ,101130127.8,0.7620067550869081,70.51282051282051,4.266800288948989,11.445960537940522,81.81818181818183,89.01098901098901,96.7032967032967,67.3913043478261,45.65217391304348,80.81277418233941,6.0,22.0
MA0000042558,WG DYNAMIC,WAFA GESTION,DIVERSIFIÉ,366458933.71,0.6884639433947903,58.97435897435898,7.102828007117662,14.361386032791094,80.68181818181817,47.25274725274725,42.30769230769231,47.82608695652174,67.3913043478261,58.39231420753159,34.0,154.0
MA0000030579,CDM OPTIMUM,WAFA GESTION,DIVERSIFIÉ,102589261.77,0.5124490429474937,61.53846153846154,8.64999855579868,20.26641817536387,79.54545454545455,19.78021978021978,69.78021978021978,10.869565217391305,46.73913043478261,49.06908309082222,48.0,231.0
MA0000039760,FCP WG INVEST,WAFA GESTION,DIVERSIFIÉ,1567080.5,0.4663927223097719,62.82051282051282,6.035760050558607,16.924762975689667,78.4090909090909,64.83516483516483,79.12087912087912,29.347826086956523,19.565217391304348,61.91438995786822,24.0,130.0
MA0000042111,ATTIJARI MIXED DISTRIBUTION,WAFA GESTION,DIVERSIFIÉ,1088908.85,0.4443532950505924,60.86956521739131,8.435336355839866,11.023976345053677,77.27272727272727,21.978021978021978,61.53846153846154,68.47826086956522,11.956521739130435,52.45140728836381,40.0,205.0
MA0000036022,ATTIJARI SOLIDARITE,WAFA GESTION,DIVERSIFIÉ,98706764.61,0.25694060817842423,56.41025641025641,8.955147366348005,19.0463317013492,76.13636363636364,14.285714285714285,16.483516483516482,16.304347826086957,44.565217391304344,36.61121487208444,63.0,326.0
MA0000042525,WG HORIZON,WAFA GESTION,DIVERSIFIÉ,173784622.44,0.21608350108797136,61.53846153846154,5.992629114926861,11.653673166808499,75.0,65.93406593406593,69.78021978021978,65.21739130434783,55.434782608695656,68.26564739608217,17.0,78.0
MA0000042533,AWG CAPITAL CROISSANCE,WAFA GESTION,DIVERSIFIÉ,146524349.52,0.19916228646517098,27.27272727272727,8.003823441741499,6.408106219426979,73.86363636363636,27.472527472527474,2.197802197802198,90.21739130434783,53.2608695652174,48.32547886895713,49.0,237.0
MA0000041444,CDM PROFIL EQUILIBRE,WAFA GESTION,DIVERSIFIÉ,541677563.67,0.1668552036198978,57.692307692307686,7.587205762705819,17.4363098191524,72.72727272727273,35.16483516483517,28.57142857142857,25.0,76.08695652173914,47.68237197585024,51.0,241.0
MA0000042194,PATRIMOINE CROISSANCE,WAFA GESTION,DIVERSIFIÉ,464729095.05,0.15119934998411022,72.97297297297297,6.848860655285659,6.409743582670109,71.5909090909091,52.74725274725275,97.8021978021978,89.13043478260869,70.65217391304348,74.65930808322112,12.0,47.0
MA0000035727,CFG AVENIR,CFG GESTION,DIVERSIFIÉ,58858881.32,-0.05015307766677024,65.38461538461539,3.834635636478205,7.816152317403434,70.45454545454545,91.20879120879121,90.10989010989012,81.52173913043478,39.130434782608695,78.10184380836556,9.0,31.0
MA0000040842,CDG MULTIGESTION,CDG CAPITAL GESTION,DIVERSIFIÉ,1262017.9,-0.06846533765216822,64.1025641025641,3.3914170786265205,8.168022872223442,69.31818181818183,94.5054945054945,86.81318681318682,80.43478260869566,16.304347826086957,75.48011770837859,10.0,41.0
MA0000037939,ATTIJARI FINANCES CORP RENDEMENT,WAFA GESTION,DIVERSIFIÉ,429337771.63,-0.10208414611291294,62.82051282051282,7.816385015283657,12.302787355022645,68.18181818181817,29.67032967032967,79.12087912087912,60.86956521739131,69.56521739130434,59.78326021804283,31.0,144.0
MA0000042251,WG SERENITE,WAFA GESTION,DIVERSIFIÉ,159302919.17,-0.33818710227129234,64.1025641025641,6.211778773481153,18.000526019150577,67.04545454545455,60.43956043956044,86.81318681318682,19.565217391304348,54.347826086956516,60.955729053555146,26.0,137.0
MA0000042442,CIH EPARGNE,CIH CAPITAL MANAGEMENT,DIVERSIFIÉ,1732064.15,-0.45505411893629333,57.692307692307686,6.500363751168907,15.685284314715684,65.9090909090909,57.14285714285714,28.57142857142857,34.78260869565217,21.73913043478261,47.16403162055336,52.0,242.0
MA0000041865,BMCI PREMIUM OPPORTUNITY II,CIH CAPITAL MANAGEMENT,DIVERSIFIÉ,94992620.74,-0.7586644596891623,73.07692307692307,1.7102466495642497,3.7907031253454972,64.77272727272727,100.0,98.9010989010989,95.65217391304348,43.47826086956522,82.90769013595099,2.0,12.0
MA0000042541,WG EPARGNE,WAFA GESTION,DIVERSIFIÉ,865196644.83,-0.8255583828102986,62.82051282051282,5.347602088487364,9.310551232518916,63.63636363636363,78.02197802197803,79.12087912087912,76.08695652173914,86.95652173913044,74.52927507275334,13.0,48.0
MA0000039109,UPLINE PROTECTION DYNAMIQUE,UPLINE CAPITAL MANAGEMENT,DIVERSIFIÉ,997094.69,-0.9392729204874439,60.0,3.647211036080025,5.533494561052549,62.5,92.3076923076923,48.9010989010989,93.47826086956522,3.260869565217391,65.95496894409938,22.0,98.0
MA0000038143,CFG Profil Equilibré,CFG GESTION,DIVERSIFIÉ,13150066.33,-1.0771927791139113,60.256410256410255,4.058381032693694,7.256304102371096,61.36363636363637,90.10989010989012,56.043956043956044,84.78260869565217,30.434782608695656,67.90622421057203,18.0,82.0
MA0000030769,LEGACY ACCUMULATION FUND,VALORIS MANAGEMENT,DIVERSIFIÉ,35586743.58,-1.1384926722590172,60.256410256410255,4.498069368615733,7.737757260062045,60.22727272727273,85.71428571428571,56.043956043956044,82.6086956521739,35.869565217391305,66.68380532510967,20.0,91.0
MA0000037707,BMCI ISR,CIH CAPITAL MANAGEMENT,DIVERSIFIÉ,1140833.03,-1.1920738927923002,57.692307692307686,4.4369448423549676,8.852285739452125,59.09090909090909,87.91208791208791,28.57142857142857,78.26086956521739,14.130434782608695,58.5717543326239,32.0,152.0
MA0000041733,HORIZON FLEXIBLE,SAHAM CAPITAL GESTION,DIVERSIFIÉ,201991517.5,-1.2753615331445034,58.97435897435898,5.873518752473242,10.84813658348858,57.95454545454546,72.52747252747253,42.30769230769231,69.56521739130434,56.52173913043478,60.06672675150936,30.0,142.0
MA0000042087,ATLAS CROISSANCE,ATLAS CAPITAL MANAGEMENT,DIVERSIFIÉ,240236811.46,-1.4834205933682232,60.256410256410255,6.66880600450254,13.564213564213567,56.81818181818182,54.94505494505495,56.043956043956044,54.347826086956516,59.78260869565217,56.12094427311819,37.0,173.0
MA0000030751,CDG PATRIMOINE,CDG CAPITAL GESTION,DIVERSIFIÉ,2670045.94,-1.5743899835087838,61.53846153846154,4.470714062746179,15.39704770845631,55.68181818181818,86.81318681318682,69.78021978021978,38.04347826086957,23.91304347826087,60.46171220084263,29.0,140.0
MA0000037947,FCP CAPITAL LONG/SHORT,BMCE CAPITAL GESTION,DIVERSIFIÉ,1607079.93,-1.5849426939118838,66.66666666666666,2.8240009372475487,5.71562697726948,54.54545454545454,97.8021978021978,92.3076923076923,92.3913043478261,20.652173913043477,75.19963731920254,11.0,43.0
MA0000030694,ATTIJARI PATRIMOINE DIVERSIFIE,WAFA GESTION,DIVERSIFIÉ,19020247.77,-1.782784385066849,56.41025641025641,8.80285409550112,19.97765175975863,53.40909090909091,15.384615384615385,16.483516483516482,14.130434782608695,32.608695652173914,28.546019198193108,77.0,372.0
MA0000037749,FCP CAPITAL GLOBAL MACRO,BMCE CAPITAL GESTION,DIVERSIFIÉ,34186742.93,-1.9303634712775186,61.53846153846154,4.990688223421236,14.479603525626365,52.27272727272727,83.51648351648352,69.78021978021978,44.565217391304344,34.78260869565217,60.68002649524389,28.0,139.0
MA0000038390,FCP CAPITAL DIVERSIFIES,BMCE CAPITAL GESTION,DIVERSIFIÉ,1025323.87,-1.99474049903694,55.12820512820513,2.49929668639061,6.1064297412659245,51.13636363636363,98.9010989010989,11.538461538461538,91.30434782608695,8.695652173913043,56.93909351518047,35.0,164.0
MA0000030512,HORIZON EXPANSION,UPLINE CAPITAL MANAGEMENT,DIVERSIFIÉ,3831265.75,-2.0307980205979015,58.97435897435898,7.894916915218819,16.955132244932418,50.0,28.57142857142857,42.30769230769231,28.26086956521739,25.0,37.343526039178215,62.0,321.0
MA0000038291,ATLAS PERFORMANCE,ATLAS CAPITAL MANAGEMENT,DIVERSIFIÉ,577766.86,-2.1021669768678475,67.94871794871796,5.219075383223623,14.37266458646326,48.86363636363637,81.31868131868131,95.05494505494505,46.73913043478261,1.0869565217391304,61.119315467141554,25.0,135.0
MA0000041725,INVEST EQUILIBRE,SAHAM CAPITAL GESTION,DIVERSIFIÉ,781766002.17,-2.2803961373861537,57.692307692307686,5.963882325299523,10.771583339812873,47.72727272727273,67.03296703296702,28.57142857142857,70.65217391304348,85.86956521739131,55.97549189940494,38.0,175.0
MA0000038093,FCP EMERGENCE DIVERSIFIÉ,VALORIS MANAGEMENT,DIVERSIFIÉ,869198663.67,-2.3116091945248107,61.53846153846154,7.057655131739359,17.467111152793535,46.590909090909086,48.35164835164835,69.78021978021978,23.91304347826087,88.04347826086956,52.41253311905486,41.0,207.0
MA0000035891,FCP MEDERSAT.COM,BMCE CAPITAL GESTION,DIVERSIFIÉ,5408293.53,-2.398975195062314,60.256410256410255,6.1609302626396385,12.666492177048799,45.45454545454545,61.53846153846154,56.043956043956044,58.69565217391305,27.173913043478258,51.75150936020502,43.0,211.0
MA0000030801,HORIZON PERSPECTIVES,SAHAM CAPITAL GESTION,DIVERSIFIÉ,233928567.34,-2.4245595674167175,53.84615384615385,6.284736090034307,12.034540249190268,44.31818181818182,59.34065934065934,7.142857142857142,63.04347826086957,58.69565217391305,44.885277765712544,55.0,265.0
MA0000039398,IRGAM DISTRIEQUILIBRE,IRG ASSET MANAGEMENT,DIVERSIFIÉ,1019404.18,-2.4409116488463667,56.41025641025641,8.423351250361682,6.774347440877802,43.18181818181818,24.175824175824175,16.483516483516482,85.86956521739131,7.608695652173914,35.93650914303088,65.0,330.0
MA0000038374,FCP CAPITAL OPPORTUNITE,BMCE CAPITAL GESTION,DIVERSIFIÉ,1015511.45,-2.4843555382145,55.12820512820513,3.467357554835259,6.664978658757136,42.04545454545455,93.4065934065934,11.538461538461538,86.95652173913044,5.434782608695652,51.85993354471614,42.0,210.0
MA0000038424,FCP AFRICAPITAL DIVERSIFIE,AFRICAPITAL MANAGEMENT,DIVERSIFIÉ,297074061.62,-2.6208316457405068,57.692307692307686,7.599688998319346,20.234060819664723,40.909090909090914,34.065934065934066,28.57142857142857,11.956521739130435,63.04347826086957,34.60132259045303,67.0,342.0
MA0000040057,ALISTITMAR CHAABI,UPLINE CAPITAL MANAGEMENT,DIVERSIFIÉ,37117980.5,-2.65121781750578,56.41025641025641,9.149333801413231,20.036525663581426,39.77272727272727,12.087912087912088,16.483516483516482,13.043478260869565,36.95652173913043,23.902673413542978,79.0,386.0
MA0000040792,FCP ALLOCATIONS,CDG CAPITAL GESTION,DIVERSIFIÉ,350712195.13,-2.6872779109164524,64.1025641025641,5.3130505591639805,15.424350621464772,38.63636363636363,79.12087912087912,86.81318681318682,36.95652173913043,65.21739130434783,60.798983625070576,27.0,138.0
MA0000035842,FCP CAPITAL BALANCE,BMCE CAPITAL GESTION,DIVERSIFIÉ,80850810.6,-2.6926402312937525,58.97435897435898,8.736663251199774,21.238910079447038,37.5,16.483516483516482,42.30769230769231,6.521739130434782,40.21739130434783,28.832417582417584,76.0,371.0
MA0000040065,KENZ RENDEMENT,UPLINE CAPITAL MANAGEMENT,DIVERSIFIÉ,511840870.1,-2.8249250205251153,61.53846153846154,8.670246912774228,20.48866210751413,36.36363636363637,18.681318681318682,69.78021978021978,7.608695652173914,72.82608695652173,37.9593775789428,61.0,316.0
MA0000035594,HORIZON BALANCED FUND,SAHAM CAPITAL GESTION,DIVERSIFIÉ,1090657.87,-3.2132936584210903,56.41025641025641,7.141611163811367,13.948981237654753,35.22727272727273,46.15384615384615,16.483516483516482,51.08695652173913,13.043478260869565,34.37073795769447,69.0,345.0
MA0000036634,EMERGENCE CROISSANCE,VALORIS MANAGEMENT,DIVERSIFIÉ,1999567566.14,-3.436228924406326,56.41025641025641,7.2629844033026485,18.195697952105363,34.090909090909086,41.75824175824176,16.483516483516482,17.391304347826086,98.91304347826086,36.46353646353646,64.0,327.0
MA0000036501,FCP CAPITAL MULTI-GESTION,BMCE CAPITAL GESTION,DIVERSIFIÉ,1342941153.52,-3.4771293802974723,61.53846153846154,5.690660805388015,14.662873999157192,32.95454545454545,74.72527472527473,69.78021978021978,43.47826086956522,94.56521739130434,58.501987143291494,33.0,153.0
MA0000042475,CIH PATRIMOINE,CIH CAPITAL MANAGEMENT,DIVERSIFIÉ,10055591.85,-3.557928609999883,61.53846153846154,4.5820289762197275,12.549778345480492,31.818181818181817,84.61538461538461,69.78021978021978,59.78260869565217,29.347826086956523,56.55751856838813,36.0,169.0
MA0000030363,BMCI EPARGNE CROISSANCE,CIH CAPITAL MANAGEMENT,DIVERSIFIÉ,113009539.98,-3.568454859046033,60.256410256410255,5.66693770624426,15.467289719626168,30.681818181818183,75.82417582417582,56.043956043956044,35.869565217391305,48.91304347826087,49.6411197498154,46.0,226.0
MA0000039752,AFG BALANCED FUND,AFG ASSET MANAGEMENT,DIVERSIFIÉ,532833702.77,-3.6276829294285773,36.36363636363637,13.1445050549189,15.975779701269893,29.545454545454547,3.296703296703297,5.4945054945054945,32.608695652173914,75.0,23.178017634539373,81.0,390.0
MA0000041857,BMCI PREMIUM OPPORTUNITY I,CIH CAPITAL MANAGEMENT,DIVERSIFIÉ,92648242.31,-3.8016008724264694,66.66666666666666,3.2807186923066674,8.634174237056998,28.40909090909091,96.7032967032967,92.3076923076923,79.34782608695652,42.391304347826086,67.30139425791599,19.0,86.0
MA0000039323,CFG Diversifié,CFG GESTION,DIVERSIFIÉ,1085287.44,-3.8299009131532835,60.0,5.443879994646659,10.087257529351712,27.27272727272727,76.92307692307693,48.9010989010989,72.82608695652173,10.869565217391305,49.203676758024585,47.0,230.0
MA0000038184,CFG Profil Dynamique,CFG GESTION,DIVERSIFIÉ,5236958.12,-3.866089055382327,60.256410256410255,6.8950369606401996,15.048736306391783,26.136363636363637,49.45054945054945,56.043956043956044,39.130434782608695,26.08695652173913,39.89059853190288,59.0,299.0
MA0000039604,FCP EMERGENCE OPTIMUM,VALORIS MANAGEMENT,DIVERSIFIÉ,781393244.36,-3.942402021915148,60.0,8.988273209768488,10.44904871949096,25.0,13.186813186813188,48.9010989010989,71.73913043478261,84.78260869565217,39.81605351170569,60.0,300.0
MA0000038358,IRGAM BALANCE,IRG ASSET MANAGEMENT,DIVERSIFIÉ,894464901.71,-4.026632847178179,57.692307692307686,7.304761558093968,20.33771807071555,23.863636363636363,38.46153846153847,28.57142857142857,8.695652173913043,89.13043478260869,32.70615254310907,70.0,352.0
MA0000030470,CFG CROISSANCE,CFG GESTION,DIVERSIFIÉ,515593574.26,-4.116063795409641,57.692307692307686,8.359383703276475,17.017853852878513,22.727272727272727,25.274725274725274,28.57142857142857,27.173913043478258,73.91304347826086,30.318540155496674,71.0,361.0
MA0000039679,FCP OPTIMA EQUILIBRE,ALPHAVEST ASSET MANAGEMENT,DIVERSIFIÉ,317835905.7,-4.29184549356223,30.76923076923077,10.055024193065682,13.165370465235423,21.59090909090909,8.791208791208792,3.296703296703297,56.52173913043478,64.13043478260869,24.225719932241667,78.0,385.0
MA0000041089,RMA DIVERSIFIE,RMA ASSET MANAGEMENT,DIVERSIFIÉ,364928271.32,-4.451847365233186,62.82051282051282,9.940940677255218,17.50197005516155,20.454545454545457,10.989010989010989,79.12087912087912,21.73913043478261,66.30434782608695,34.599096555618296,68.0,343.0
MA0000042202,EMERGENCE ÉQUILIBRE,VALORIS MANAGEMENT,DIVERSIFIÉ,2406355789.98,-4.459509889289704,58.97435897435898,7.633109882425974,19.57422779377718,19.318181818181817,32.967032967032964,42.30769230769231,15.217391304347828,100.0,34.78135994440342,66.0,341.0
MA0000039216,FCP CAPITAL ISR,BMCE CAPITAL GESTION,DIVERSIFIÉ,1292333.21,-4.476415156856762,61.53846153846154,9.943339918833296,27.567040246835155,18.181818181818183,9.89010989010989,69.78021978021978,1.0869565217391304,17.391304347826086,23.785290796160364,80.0,387.0
MA0000038408,FCP ALPHA PERFORMANCE FUND,RED MED ASSET MANAGEMENT,DIVERSIFIÉ,1399413214.02,-4.581940044048682,58.97435897435898,6.160279076399691,13.311798241199124,17.045454545454543,62.637362637362635,42.30769230769231,55.434782608695656,95.65217391304348,47.11495026712418,53.0,243.0
MA0000038986,AFG OPTIMAL FUND,AFG ASSET MANAGEMENT,DIVERSIFIÉ,732421807.39,-4.656275822526523,62.82051282051282,7.187465082296429,14.35443936272193,15.909090909090908,45.05494505494506,79.12087912087912,50.0,83.69565217391305,47.730204578030666,50.0,240.0
MA0000039794,FCP AFRICAPITAL DYNAMIQUE,AFRICAPITAL MANAGEMENT,DIVERSIFIÉ,692359994.85,-4.721106121484286,18.181818181818183,16.6148662595744,20.270000000000003,14.772727272727273,1.098901098901099,1.098901098901099,9.782608695652174,79.34782608695652,14.328497589367155,88.0,405.0
MA0000038259,CAPITAL TRUST CROISSANCE,CAPITAL TRUST GESTION,DIVERSIFIÉ,1252614946.2,-4.825707247891331,58.97435897435898,6.513802472056687,16.855870847454668,13.636363636363635,56.043956043956044,42.30769230769231,30.434782608695656,92.3913043478261,40.36778438952352,58.0,295.0
MA0000039166,CAPITAL TRUST PATRIMOINE,CAPITAL TRUST GESTION,DIVERSIFIÉ,965778.3,-4.858718624243663,53.84615384615385,8.4415672866822,12.113435308335205,12.5,20.87912087912088,7.142857142857142,61.95652173913043,2.1739130434782608,19.909221213569037,84.0,397.0
MA0000037640,AD BALANCED FUND,AD CAPITAL ASSET MANAGEMENT,DIVERSIFIÉ,465349268.78,-5.2358587760496285,57.692307692307686,10.739948452292218,24.062064954975597,11.363636363636363,7.6923076923076925,28.57142857142857,2.1739130434782608,71.73913043478261,18.546453546453545,85.0,400.0
MA0000037988,CAPITAL TRUST DIVERSIFIÉ,CAPITAL TRUST GESTION,DIVERSIFIÉ,692887206.18,-5.549284517391017,57.692307692307686,7.550655298188732,17.823089940974935,10.227272727272728,36.26373626373626,28.57142857142857,20.652173913043477,80.43478260869566,28.989705946227684,74.0,368.0
MA0000041568,HORIZON DISTRIPERF,SAHAM CAPITAL GESTION,DIVERSIFIÉ,120205676.03,-5.698184563181541,61.33333333333333,5.902111317549746,13.68821562684119,9.090909090909092,71.42857142857143,62.637362637362635,53.2608695652174,50.0,46.10101854667072,54.0,252.0
MA0000039208,TWIN OPPORTUNITY,TWIN CAPITAL GESTION,DIVERSIFIÉ,1016319.84,-5.750989257190742,57.99999999999999,6.888132256587,14.401796531040395,7.954545454545454,50.54945054945055,37.362637362637365,45.65217391304348,6.521739130434782,29.996253746253743,72.0,364.0
MA0000038077,CAPITAL TRUST ÉQUILIBRE,CAPITAL TRUST GESTION,DIVERSIFIÉ,707895683.31,-5.977716624218377,57.692307692307686,7.292418792150618,18.162210780399608,6.8181818181818175,40.65934065934066,28.57142857142857,18.478260869565215,81.52173913043478,28.84848846805368,75.0,370.0
MA0000030215,CDG IZDIHAR,CDG CAPITAL GESTION,DIVERSIFIÉ,103373873.75,-6.18961008111375,57.692307692307686,7.248391979709123,14.78486479340299,5.681818181818182,42.857142857142854,28.57142857142857,42.391304347826086,47.82608695652174,29.274421230942973,73.0,366.0
MA0000030405,SICAV MAROC CROISSANCE,MAROGEST,DIVERSIFIÉ,7189084.66,-6.4225105926343895,57.692307692307686,10.838118511954073,15.888978181282853,4.545454545454546,6.593406593406594,28.57142857142857,33.69565217391305,28.26086956521739,16.606708508882424,87.0,402.0
MA0000039554,AD HARMONIE DIVERSIFIÉ,AD CAPITAL ASSET MANAGEMENT,DIVERSIFIÉ,256787847.09,-6.878582150655033,54.54545454545454,10.91307032836791,13.933436382958163,3.4090909090909087,5.4945054945054945,9.340659340659341,52.17391304347826,61.95652173913043,18.286224644920296,86.0,401.0
MA0000036782,AFRICAPITAL SECURITE,AFRICAPITAL MANAGEMENT,DIVERSIFIÉ,1107374803.99,-7.185974630085834,57.692307692307686,8.73246627996246,22.665895233432735,2.272727272727273,17.582417582417584,28.57142857142857,4.3478260869565215,91.30434782608695,20.57431698736047,83.0,395.0
MA0000038572,FCP EMERGENCE ALLOCATION,VALORIS MANAGEMENT,DIVERSIFIÉ,727477965.84,-7.375788278311591,54.54545454545454,7.487710766310178,21.48618698041543,1.1363636363636365,37.362637362637365,9.340659340659341,5.434782608695652,82.6086956521739,20.62578725622204,82.0,394.0
MA0000039893,FCP ALPHA BALANCE,RED MED ASSET MANAGEMENT,DIVERSIFIÉ,555910281.99,,60.0,15.256741310203925,2.245329979362442,,2.197802197802198,48.9010989010989,97.82608695652173,77.17391304347827,,,
MA0000039950,FCP STERLING DYNAMIC,STERLING ASSET MANAGEMENT,DIVERSIFIÉ,21319211.44,,33.33333333333333,6.883339593696773,2.955798065477686,,51.64835164835166,4.395604395604396,96.73913043478261,33.69565217391305,,,
MA0000039984,FCP QUANTUM OPTIMUM DIVERSIFIE,QUANTUM CAPITAL GESTION,DIVERSIFIÉ,255925200.83,,66.66666666666666,3.3265896627848734,1.4731038797274647,,95.6043956043956,92.3076923076923,98.91304347826086,60.86956521739131,,,
MA0000042657,FCP HORIZON DIVERSIFIE,SAHAM CAPITAL GESTION,DIVERSIFIÉ,1001238.59,,,,0.0,,,,100.0,4.3478260869565215,,,
MA0000041097,RMA TRESO PLUS,RMA ASSET MANAGEMENT,MONÉTAIRE,333258529.94,3.958796202787318,100.0,3.192165439120688,0.024676125848236915,100.0,3.076923076923077,100.0,85.03937007874016,36.92307692307693,67.21744397334949,18.0,87.0
MA0000035974,EMERGENCE MONEY MARKET FUND,VALORIS MANAGEMENT,MONÉTAIRE,686853763.11,2.4197368548254605,100.0,0.5738949157389053,0.04321316209678359,98.4375,16.923076923076923,100.0,59.84251968503938,61.53846153846154,68.8922433373713,13.0,74.0
MA0000036907,FCP IRGAM MONETAIRE,IRG ASSET MANAGEMENT,MONÉTAIRE,741328198.34,2.3153821347952075,100.0,0.6569474625251772,0.08293020041463452,96.875,13.846153846153847,100.0,37.79527559055118,67.6923076923077,64.96256056935191,25.0,108.0
MA0000037251,FCP MAROGEST CASH,MAROGEST,MONÉTAIRE,73021151.28,2.2624434389140413,92.3076923076923,0.32761323783873764,0.15876995069775024,95.3125,23.076923076923077,10.666666666666668,15.748031496062993,16.923076923076923,40.550826519281244,57.0,294.0
MA0000036477,INSTIMONETAIRE,CIH CAPITAL MANAGEMENT,MONÉTAIRE,17482121.16,1.9896509000801643,98.71794871794873,0.5287145815158096,0.05515285219036195,93.75,18.461538461538463,21.333333333333336,53.54330708661418,9.230769230769232,45.961624268120325,55.0,253.0
MA0000040446,CDG CASH,CDG CAPITAL GESTION,MONÉTAIRE,366423976.51,1.877127118346733,100.0,0.42009554520543785,0.040495904058856995,92.1875,21.53846153846154,100.0,67.71653543307087,40.0,67.19834569957601,19.0,88.0
MA0000030488,IRAD,BMCE CAPITAL GESTION,MONÉTAIRE,2222313041.0,1.6945818550061498,100.0,0.21468707701345702,0.170684018206304,90.625,27.692307692307693,100.0,14.173228346456693,89.23076923076924,65.15963809812234,22.0,104.0
MA0000037442,FCP CAPITAL IMTIYAZ TRESORERIE,BMCE CAPITAL GESTION,MONÉTAIRE,4719496748.65,1.6771321945765916,98.71794871794873,0.21363425292535948,0.18924958865814864,89.0625,29.230769230769234,21.333333333333336,9.448818897637794,95.38461538461539,49.24889334746618,51.0,228.0
MA0000037954,CAPITAL TRUST TRÉSORERIE,CAPITAL TRUST GESTION,MONÉTAIRE,3975563.95,1.6576858863278643,100.0,0.6065650894272357,0.058076097286269564,87.5,15.384615384615385,100.0,50.39370078740157,6.153846153846154,58.2705935796487,37.0,158.0
MA0000038333,IRGAM SECURIFINANCE,IRG ASSET MANAGEMENT,MONÉTAIRE,748442448.24,1.640458988525273,79.48717948717949,3.1037180658029686,6.851626206767272,85.9375,4.615384615384616,5.333333333333334,1.574803149606299,69.23076923076923,35.16106021603069,60.0,338.0
MA0000038952,AFG CASH MANAGEMENT,AFG ASSET MANAGEMENT,MONÉTAIRE,644226663.02,1.6142500843347563,98.71794871794873,0.21091082728666305,0.02950215119852601,84.375,32.30769230769231,21.333333333333336,80.31496062992126,60.0,55.70333383807794,45.0,178.0
MA0000042434,CIH CASH,CIH CAPITAL MANAGEMENT,MONÉTAIRE,332272284.77,1.604351046824437,100.0,0.18497636570934808,0.02417348027016837,82.8125,61.53846153846154,100.0,88.18897637795276,35.38461538461539,76.99517337976984,3.0,36.0
MA0000030306,CDG TRESORERIE,CDG CAPITAL GESTION,MONÉTAIRE,2138846221.42,1.5987203088416724,100.0,0.19941820754038825,0.043334383863856615,81.25,41.53846153846154,100.0,58.26771653543307,86.15384615384616,72.11515748031496,8.0,60.0
MA0000036196,FCP CAM LIQUIDITE,MAROGEST,MONÉTAIRE,373388069.91,1.5814118778351371,100.0,0.19610533936822655,0.06282420749279068,79.6875,47.69230769230769,100.0,48.818897637795274,41.53846153846154,67.30600772259237,17.0,85.0
MA0000037095,AD CASH,AD CAPITAL ASSET MANAGEMENT,MONÉTAIRE,788004081.16,1.5745665626758054,100.0,0.18875195193606942,0.04248058283360614,78.125,58.46153846153847,100.0,61.417322834645674,70.76923076923077,74.34240611750454,4.0,49.0
MA0000038895,CFG INSTICASH,CFG GESTION,MONÉTAIRE,284357167.87,1.5731988376365136,100.0,0.8270037521901265,0.12594551199428725,76.5625,12.307692307692308,100.0,25.196850393700785,32.30769230769231,53.05596986674743,49.0,197.0
MA0000038440,FCP ALPHA MONETAIRE PROTECTION,RED MED ASSET MANAGEMENT,MONÉTAIRE,17473017.96,1.5624323364599402,100.0,0.1970052197234377,0.015254366562436297,75.0,46.15384615384615,100.0,92.91338582677166,7.6923076923076925,68.74470018170805,14.0,76.0
MA0000041022,FCP ALPHA MONETAIRE,RED MED ASSET MANAGEMENT,MONÉTAIRE,850809518.35,1.55355144493452,100.0,0.20100863735319927,0.02169040561058574,73.4375,40.0,100.0,89.76377952755905,73.84615384615385,72.88043231374924,5.0,53.0
MA0000041683,HORIZON CASH PLUS,SAHAM CAPITAL GESTION,MONÉTAIRE,2792916787.82,1.5468732380437222,100.0,0.18004431166628584,0.03039858774753523,71.875,66.15384615384615,100.0,78.74015748031496,92.3076923076923,79.142754391278,2.0,28.0
MA0000039687,FCP OPTIMA MONETAIRE,ALPHAVEST ASSET MANAGEMENT,MONÉTAIRE,709091250.79,1.5464019263411233,100.0,0.12399396969854158,0.0029983808743251363,70.3125,90.76923076923077,100.0,96.06299212598425,63.07692307692307,84.50319881889764,1.0,8.0
MA0000041600,FCP MONETAIRE PREMIUM,CDG CAPITAL GESTION,MONÉTAIRE,99340886.01,1.5260394922676612,100.0,0.17298742341056977,0.025365358724706924,68.75,70.76923076923077,100.0,81.88976377952756,18.461538461538463,72.44692610539067,6.0,58.0
MA0000041899,BMCI MONETAIRE PLUS,CIH CAPITAL MANAGEMENT,MONÉTAIRE,457026799.64,1.5085710235051675,100.0,0.19450305837818907,0.032117089248332925,67.1875,49.23076923076923,100.0,77.16535433070865,52.307692307692314,69.26951468806783,11.0,71.0
MA0000036618,UPLINE PERENNITE,UPLINE CAPITAL MANAGEMENT,MONÉTAIRE,3339642576.86,1.4993288285213735,100.0,0.2128063863696125,0.21560319042871612,65.625,30.76923076923077,100.0,7.874015748031496,93.84615384615384,57.945525439127806,39.0,160.0
MA0000042178,EMERGENCE MONÉTAIRE,VALORIS MANAGEMENT,MONÉTAIRE,1408216898.72,1.49357041776903,100.0,0.1941871093959796,0.0541643040309983,64.0625,52.307692307692314,100.0,56.69291338582677,81.53846153846153,68.95345623864324,12.0,73.0
MA0000042053,ATLAS MONEBANQUES,ATLAS CAPITAL MANAGEMENT,MONÉTAIRE,818018177.16,1.4897119341563902,100.0,0.19391895448796506,0.06292134831460061,62.5,53.84615384615385,100.0,47.24409448818898,72.3076923076923,66.52892186553603,20.0,94.0
MA0000040636,CDG MONEY PREMIUM,CDG CAPITAL GESTION,MONÉTAIRE,2003753230.83,1.48938622727246,100.0,0.1731158127433301,0.05430175884720918,60.9375,69.23076923076923,100.0,55.118110236220474,84.61538461538461,72.31819730466384,7.0,59.0
MA0000038762,FCP EMERGENCE TRESORERIE,VALORIS MANAGEMENT,MONÉTAIRE,1117259587.44,1.4887551472917426,92.53731343283582,0.9505965409506049,0.9587163049355125,59.375,10.76923076923077,13.333333333333334,6.299212598425196,78.46153846153847,31.962510094891986,62.0,357.0
MA0000037632,AD FIXED INCOME FUND,AD CAPITAL ASSET MANAGEMENT,MONÉTAIRE,291402649.49,1.4840013419991083,100.0,0.20131586559189696,0.12920559947975416,57.8125,38.46153846153847,100.0,22.04724409448819,33.84615384615385,53.65083661417323,47.0,190.0
MA0000041386,WG MONETAIRE,WAFA GESTION,MONÉTAIRE,1299242.83,1.4735923033837528,100.0,0.18775367081491154,0.08138094419980749,56.25,60.0,100.0,40.94488188976378,3.076923076923077,58.32442459115687,36.0,155.0
MA0000041311,FCP CAM MONÉTAIRE,MAROGEST,MONÉTAIRE,452748838.61,1.4683869128234495,100.0,0.20234680211812522,0.08513931888543748,54.6875,36.92307692307693,100.0,36.22047244094488,50.76923076923077,56.14701317383404,43.0,172.0
MA0000041303,CDM MONETAIRE PLUS,WAFA GESTION,MONÉTAIRE,948972469.11,1.4668165410676837,100.0,0.2065827152773034,0.11823825007390998,53.125,35.38461538461539,100.0,26.77165354330709,75.38461538461539,56.33786341611145,42.0,171.0
MA0000041998,WINEO CASH,WINEO GESTION,MONÉTAIRE,207445420.48,1.4531623987671605,100.0,0.161027381952948,0.04078332605912607,51.5625,78.46153846153847,100.0,66.14173228346458,29.230769230769234,67.92847138098122,16.0,81.0
MA0000038606,TWIN CASH,TWIN CAPITAL GESTION,MONÉTAIRE,391172118.91,1.4361155166704442,100.0,0.19770884221186236,0.02499421430224317,50.0,44.61538461538462,100.0,83.46456692913385,46.15384615384615,63.28891580860085,30.0,121.0
MA0000040271,CAP MONETAIRE PREMIERE,WAFA GESTION,MONÉTAIRE,14106534388.66,1.4122223138674839,100.0,0.21683463168478873,0.18073499173812815,48.4375,26.153846153846157,100.0,11.023622047244094,100.0,52.723254845548155,50.0,199.0
MA0000040149,KENZ PLUS,UPLINE CAPITAL MANAGEMENT,MONÉTAIRE,8634911929.32,1.392399027228075,100.0,0.19802465264181757,0.09365731827879017,46.875,43.07692307692308,100.0,34.645669291338585,96.92307692307692,59.72088885523925,33.0,146.0
MA0000036774,AFRICAPITAL LIQUIDITY,AFRICAPITAL MANAGEMENT,MONÉTAIRE,40511068.57,1.3833865814696589,100.0,0.20689545662960596,0.14169743757984965,45.3125,33.84615384615385,100.0,17.322834645669293,12.307692307692308,45.884482889158086,56.0,254.0
MA0000037673,FCP CAPITAL MONETAIRE PLUS,BMCE CAPITAL GESTION,MONÉTAIRE,204992146.07,1.3807124130676973,100.0,0.16868578397979153,0.04166560376861212,43.75,73.84615384615385,100.0,62.99212598425197,27.692307692307693,63.804588128407026,29.0,119.0
MA0000041295,CDG OPTIMUM,CDG CAPITAL GESTION,MONÉTAIRE,201429456.78,1.3453863728793314,100.0,0.1410157139401522,0.0036583135174651196,42.1875,87.6923076923077,100.0,94.48818897637796,24.615384615384617,71.21409373107208,9.0,62.0
MA0000042046,ATLAS TRESORERIE,ATLAS CAPITAL MANAGEMENT,MONÉTAIRE,389685994.55,1.3421200675078238,100.0,0.1921664138237294,0.03515556336790847,40.625,55.38461538461539,100.0,72.44094488188976,44.61538461538462,61.36133403997577,31.0,134.0
MA0000038945,FCP MONETAIRE DYNAMIQUE,CDG CAPITAL GESTION,MONÉTAIRE,283368028.35,1.3211382113821335,100.0,0.17220405661426452,0.13971119838989682,39.0625,72.3076923076923,100.0,18.89763779527559,30.76923076923077,55.7072418231375,44.0,177.0
MA0000035834,CFG SECURITE,CFG GESTION,MONÉTAIRE,2158517317.62,1.3136749335660225,100.0,0.23982046518972833,0.1348712942506333,37.5,24.615384615384617,100.0,20.47244094488189,87.6923076923077,49.2439430648092,52.0,229.0
MA0000030603,CDM CASH,WAFA GESTION,MONÉTAIRE,2289894806.63,1.3115303047215088,100.0,0.1944925010451214,0.09616531625358614,35.9375,50.76923076923077,100.0,33.07086614173229,90.76923076923077,57.51111069049062,40.0,162.0
MA0000037814,CFG CASH SECURE,CFG GESTION,MONÉTAIRE,485925456.55,1.3016165237472288,100.0,0.1826913486186919,0.08172806524185036,34.375,64.61538461538461,100.0,39.37007874015748,56.92307692307692,58.06416565717747,38.0,159.0
MA0000030777,HORIZON LIQUIDITE,SAHAM CAPITAL GESTION,MONÉTAIRE,1189492769.04,1.2849371600075044,100.0,0.1832602476203318,0.03792367859681635,32.8125,63.07692307692307,100.0,70.86614173228347,80.0,64.24290202907329,27.0,114.0
MA0000041816,BMCI PREMIUM MONEY MARKET,CIH CAPITAL MANAGEMENT,MONÉTAIRE,713846865.77,1.2716421585409865,100.0,0.1789191315556005,0.033502320360019586,31.25,67.6923076923077,100.0,74.01574803149606,64.61538461538461,63.86197758933979,28.0,118.0
MA0000040123,ALISTITMAR CHAABI TRESORERIE,UPLINE CAPITAL MANAGEMENT,MONÉTAIRE,366393440.2,1.2592580786186858,100.0,0.11908634807400002,0.0,29.6875,92.3076923076923,100.0,100.0,38.46153846153847,70.82932692307693,10.0,65.0
MA0000030553,ATTIJARI TRESORERIE,WAFA GESTION,MONÉTAIRE,9498995946.82,1.243972088565548,100.0,0.19177606513854112,0.17594981204487595,28.125,56.92307692307692,100.0,12.598425196850393,98.46153846153847,54.40418685645063,46.0,186.0
MA0000036006,UPLINE TRESORERIE,UPLINE CAPITAL MANAGEMENT,MONÉTAIRE,480847492.69,1.2249897283630684,100.0,0.14370446265972808,0.03814685703864001,26.5625,84.61538461538461,100.0,69.29133858267717,55.38461538461539,65.05475847970926,24.0,106.0
MA0000030736,BMCI TRESO PLUS,CIH CAPITAL MANAGEMENT,MONÉTAIRE,740493702.76,1.221052631578945,100.0,0.16803312879089832,0.03259452411995526,25.0,75.38461538461539,100.0,75.59055118110236,66.15384615384615,64.30012113870382,26.0,113.0
MA0000041931,HORIZON TREASURY FUND,SAHAM CAPITAL GESTION,MONÉTAIRE,1006659868.8,1.1806344941614144,100.0,1.2089064751830725,0.04085322392782255,23.4375,9.230769230769232,100.0,64.56692913385827,76.92307692307693,46.71628937007874,54.0,247.0
MA0000039786,FCP AFRICAPITAL TRESORERIE,AFRICAPITAL MANAGEMENT,MONÉTAIRE,21102875.16,1.161863764996629,90.9090909090909,0.15992119914954597,0.06900000000000546,21.875,80.0,8.0,42.51968503937008,10.76923076923077,35.61737583282859,59.0,333.0
MA0000041741,HORIZON PREMIUM,SAHAM CAPITAL GESTION,MONÉTAIRE,404459274.66,1.131537994883014,100.0,0.1624608050113051,0.0,20.3125,76.92307692307693,100.0,100.0,47.69230769230769,65.09375,23.0,105.0
MA0000036238,FCP CAPITAL MONETAIRE,BMCE CAPITAL GESTION,MONÉTAIRE,203548478.49,1.1195854111665238,100.0,0.09105414763104211,0.0,18.75,100.0,100.0,100.0,26.153846153846157,68.24038461538461,15.0,79.0
MA0000037327,CAPITAL TRUST MONÉTAIRE,CAPITAL TRUST GESTION,MONÉTAIRE,122468043.8,1.0981948247918094,100.0,0.495244434885379,0.06629663891459509,17.1875,20.0,100.0,45.66929133858268,20.0,39.0066437007874,58.0,305.0
MA0000036659,ATTIJARI LIQUIDITE,WAFA GESTION,MONÉTAIRE,1770931231.68,1.0867004921028212,100.0,0.11479966938260687,0.11563383076407652,15.625,95.38461538461539,100.0,28.346456692913385,83.07692307692308,61.09331465778316,32.0,136.0
MA0000041196,CDG SERENITE,CDG CAPITAL GESTION,MONÉTAIRE,501448.23,1.0804889212368662,100.0,0.14199057303910748,0.024289137897528543,14.0625,86.15384615384616,100.0,86.61417322834646,1.5384615384615385,58.903183676559664,34.0,150.0
MA0000038127,FCP EMERGENCE TRESOR,VALORIS MANAGEMENT,MONÉTAIRE,427814985.48,1.0590067187997265,100.0,0.14090119832913414,0.055923198806984466,12.5,89.23076923076924,100.0,51.96850393700787,49.23076923076923,58.77604482132041,35.0,151.0
MA0000040339,ATTIJARI MONETAIRE JOUR,WAFA GESTION,MONÉTAIRE,459400671.14,1.0447824072123746,100.0,0.11786639389362848,0.10819583446036456,10.9375,93.84615384615384,100.0,29.92125984251969,53.84615384615385,56.6155928225318,41.0,168.0
MA0000041162,AL BARID TRESORERIE,CDG CAPITAL GESTION,MONÉTAIRE,608473003.74,1.0271064443515998,100.0,4.008285046202674,0.12630351706716317,9.375,1.5384615384615385,100.0,23.62204724409449,58.46153846153847,32.586576317383404,61.0,353.0
MA0000036147,CDM SECURITE PLUS,WAFA GESTION,MONÉTAIRE,138719896.23,1.0229723579809669,100.0,0.11206044448667649,0.10634245444733621,7.8125,96.92307692307692,100.0,31.496062992125985,23.076923076923077,53.60662098728043,48.0,191.0
MA0000030132,BMCI TRESORERIE,CIH CAPITAL MANAGEMENT,MONÉTAIRE,386394223.62,0.9154314393408303,100.0,0.10224527262436817,0.0,6.25,98.46153846153847,100.0,100.0,43.07692307692308,65.79807692307692,21.0,100.0
MA0000037517,CFG TRESOCORP,CFG GESTION,MONÉTAIRE,136510289.68,0.7390489737721495,57.692307692307686,1.8273643449308201,4.156492981461206,4.6875,7.6923076923076925,2.666666666666667,3.149606299212598,21.53846153846154,6.488947355138301,64.0,410.0
MA0000042483,CIH TRESORERIE,CIH CAPITAL MANAGEMENT,MONÉTAIRE,1344130.53,0.5059411344837672,100.0,0.1503078157720207,0.06714083343169745,3.125,81.53846153846153,100.0,44.09448818897638,4.615384615384616,48.397827074500306,53.0,236.0
MA0000041964,SOCIAL IMPACT FUND,SAHAM CAPITAL GESTION,MONÉTAIRE,69878957.1,-1.3503812498787293,93.10344827586206,2.3820235372340615,3.5816210045662182,1.5625,6.153846153846154,16.0,4.724409448818897,15.384615384615385,7.454334494245911,63.0,408.0
MA0000039943,FCP STERLING CASH,STERLING ASSET MANAGEMENT,MONÉTAIRE,51060157.4,,100.0,0.14729508553483545,0.02100021000210366,,83.07692307692308,100.0,91.33858267716536,13.846153846153847,,,
MA0000036188,FCP MAROC RENDEMENT,MAROGEST,OCT,4713011.97,5.965381793067737,92.3076923076923,0.45453780338495775,0.41674559575677,100.0,43.07692307692308,20.47244094488189,50.76923076923077,15.384615384615385,54.017565112053305,27.0,189.0
MA0000035925,FCP CAPITAL DYNAMIQUE,BMCE CAPITAL GESTION,OCT,543142513.95,3.7707201980685,93.58974358974359,1.9075932347217766,0.7545523731739562,98.4126984126984,4.615384615384616,36.22047244094488,16.923076923076923,36.92307692307693,44.15251939661388,40.0,274.0
MA0000041253,RMA CORPORATE BOND,RMA ASSET MANAGEMENT,OCT,2587471.38,3.76454483230666,92.3076923076923,3.8501594035722646,0.4877726698744734,96.82539682539682,3.076923076923077,20.47244094488189,43.07692307692308,13.846153846153847,41.75749185198004,46.0,287.0
MA0000036287,EMERGENCE BOND FUND,VALORIS MANAGEMENT,OCT,1143692245.63,2.4568571356661684,97.43589743589743,0.5757887316882323,0.3655447803765074,95.23809523809523,20.0,88.9763779527559,53.84615384615385,66.15384615384615,66.05901185428745,12.0,97.0
MA0000041121,FCP IRGAM MONETAIRE PLUS,IRG ASSET MANAGEMENT,OCT,620728043.9,2.2650439486139318,93.58974358974359,0.67136599277987,0.27034926201958537,93.65079365079364,15.384615384615385,36.22047244094488,80.0,43.07692307692308,55.49317873727322,25.0,182.0
MA0000038515,UPLINE OBLIG DYNAMIQUE,UPLINE CAPITAL MANAGEMENT,OCT,1015947939.12,1.9298185020809155,96.15384615384616,0.3708500463531229,0.20270593297316927,92.06349206349206,86.15384615384616,73.22834645669292,86.15384615384616,58.46153846153847,82.57240921807852,1.0,14.0
MA0000038382,FCP CAPITAL OBLIGATIONS BANQUES PLUS,BMCE CAPITAL GESTION,OCT,105421069.02,1.9026978921172777,100.0,0.3790522048578157,0.2800346358628534,90.47619047619048,83.07692307692308,100.0,76.92307692307693,27.692307692307693,82.21978021978023,2.0,16.0
MA0000038960,AFG LIQUIDITY FUND,AFG ASSET MANAGEMENT,OCT,1331451083.44,1.8753646247679612,96.15384615384616,0.47918456250772673,0.5015206631283966,88.88888888888889,40.0,73.22834645669292,40.0,72.3076923076923,64.54310518877448,16.0,111.0
MA0000037889,FCP IRGAM OBLIBANQUES,IRG ASSET MANAGEMENT,OCT,1634202807.22,1.8386577798207293,94.87179487179486,0.42550709270158915,0.6029723991507377,87.3015873015873,53.84615384615385,54.330708661417326,33.84615384615385,76.92307692307693,63.28738715352888,18.0,122.0
MA0000036246,CDG MONETAIRE PLUS,CDG CAPITAL GESTION,OCT,448575503.72,1.8352137414325176,94.87179487179486,0.4055553528798447,0.3454950871088655,85.71428571428571,69.23076923076923,54.330708661417326,63.07692307692307,32.30769230769231,66.58042744656917,11.0,93.0
MA0000042491,WINEO OCT PLUS,WINEO GESTION,OCT,63546444.71,1.82053010949772,100.0,0.5312682991813886,0.06444476506517316,84.12698412698413,29.230769230769234,100.0,100.0,23.076923076923077,69.85347985347985,8.0,66.0
MA0000037962,CAPITAL TRUST CASH PLUS,CAPITAL TRUST GESTION,OCT,1721034245.71,1.8044409816907026,94.87179487179486,0.5668456351603828,1.1254212806933008,82.53968253968253,23.076923076923077,54.330708661417326,6.153846153846154,80.0,50.32035418649592,34.0,221.0
MA0000041394,FCP ALPHA BANQUES FUND,RED MED ASSET MANAGEMENT,OCT,2389648569.28,1.7540215560017725,96.15384615384616,0.4340566638774308,0.545788955900604,80.95238095238095,47.69230769230769,73.22834645669292,36.92307692307693,84.61538461538461,64.8544605001298,15.0,109.0
MA0000042459,CIH MONETAIRE PLUS,CIH CAPITAL MANAGEMENT,OCT,265433936.43,1.7513610469008567,94.87179487179486,0.4261419692524858,0.5745453537369837,79.36507936507937,52.307692307692314,54.330708661417326,35.38461538461539,29.230769230769234,55.98335784949958,23.0,174.0
MA0000037715,CAPITAL RENDEMENT,BMCE CAPITAL GESTION,OCT,4203203857.72,1.748326196503358,96.15384615384616,0.5291907688574771,1.0094212651413148,77.77777777777779,30.76923076923077,73.22834645669292,12.307692307692308,92.3076923076923,56.748233393902694,22.0,166.0
MA0000037624,AD YIELD FUND,AD CAPITAL ASSET MANAGEMENT,OCT,1297891155.47,1.7473088323787023,92.3076923076923,0.6157534676968254,1.08924198322848,76.19047619047619,16.923076923076923,20.47244094488189,7.6923076923076925,70.76923076923077,39.4131695076577,50.0,302.0
MA0000036261,CAPITAL IMTIYAZ LIQUIDITE,BMCE CAPITAL GESTION,OCT,9259638425.28,1.736842990992371,97.43589743589743,0.3995632802535751,0.34940149579073965,74.60317460317461,75.38461538461539,88.9763779527559,60.0,100.0,78.02238181765742,4.0,32.0
MA0000040768,FCP OBLIG COURT TERME,CDG CAPITAL GESTION,OCT,1066158661.29,1.7318611605467327,93.58974358974359,0.44618700490499574,0.6080521456901004,73.01587301587301,46.15384615384615,36.22047244094488,32.30769230769231,60.0,51.53347177756626,32.0,213.0
MA0000038002,CFG LIQUID BONDS,CFG GESTION,OCT,1102444062.57,1.7235198038422217,96.15384615384616,0.49438562211267506,0.6515847072759127,71.42857142857143,36.92307692307693,73.22834645669292,24.615384615384617,63.07692307692307,55.30500995067924,26.0,185.0
MA0000039141,AD SELECT BANQUES,AD CAPITAL ASSET MANAGEMENT,OCT,615252370.85,1.7232385213216572,92.45283018867924,0.500566267648534,0.5220819876760895,69.84126984126983,35.38461538461539,26.77165354330709,38.46153846153847,41.53846153846154,45.07594243027314,38.0,263.0
MA0000040396,OBLITOP,WAFA GESTION,OCT,6288943649.97,1.7231197984595603,93.58974358974359,0.6075574521645609,1.040785242849884,68.25396825396825,18.461538461538463,36.22047244094488,10.76923076923077,96.92307692307692,43.64336188745637,41.0,276.0
MA0000040248,CAP OBLIGATIONS,WAFA GESTION,OCT,805300889.0,1.7209647734977906,96.15384615384616,0.9088649995701772,2.740297677006536,66.66666666666666,9.230769230769232,73.22834645669292,3.076923076923077,52.307692307692314,42.64566929133858,43.0,283.0
MA0000041717,HORIZON COURT TERME,SAHAM CAPITAL GESTION,OCT,4404813499.21,1.7098877266295442,96.15384615384616,0.4087968720934772,0.3616888595429415,65.07936507936508,66.15384615384615,73.22834645669292,55.38461538461539,93.84615384615384,68.40024804591734,10.0,77.0
MA0000040024,UPLINE OBLIG,UPLINE CAPITAL MANAGEMENT,OCT,4631153140.33,1.707334323502363,98.71794871794873,0.39483875171281424,0.35802968181555367,63.49206349206349,80.0,95.2755905511811,56.92307692307692,95.38461538461539,76.17966023477832,5.0,37.0
MA0000037616,FCP EMERGENCE BANCAIRES,VALORIS MANAGEMENT,OCT,1656465067.56,1.6961881819469893,97.43589743589743,0.3980535364014585,0.23793902120898247,61.904761904761905,76.92307692307693,88.9763779527559,83.07692307692308,78.46153846153847,75.9051657004413,6.0,39.0
MA0000039711,FCP OPTIMA DYNAMIQUE,ALPHAVEST ASSET MANAGEMENT,OCT,1103015644.2,1.6955672604604288,100.0,0.35429856181674785,0.08378718056138651,60.317460317460316,90.76923076923077,100.0,95.38461538461539,64.61538461538461,81.55677655677657,3.0,20.0
MA0000038655,TWIN TREASURY,TWIN CAPITAL GESTION,OCT,538402179.79,1.6941599897167814,94.44444444444444,0.5161350300137164,0.37227238884326985,58.730158730158735,33.84615384615385,46.45669291338583,52.307692307692314,35.38461538461539,46.75654004787863,36.0,246.0
MA0000037202,ATLAS EQUILIBRE,ATLAS CAPITAL MANAGEMENT,OCT,6683440.22,1.6880861410211834,96.15384615384616,0.40172596621778633,0.17705927636644972,57.14285714285714,73.84615384615385,73.22834645669292,90.76923076923077,16.923076923076923,65.55775720342649,13.0,101.0
MA0000038754,FCP EMERGENCE OBLIG COURT TERME,VALORIS MANAGEMENT,OCT,670825879.77,1.6591947769314386,95.52238805970148,0.8997133099878433,0.6178611017398508,55.55555555555556,10.76923076923077,64.56692913385827,27.692307692307693,44.61538461538462,40.88774480113063,47.0,290.0
MA0000036352,FCP CAM TRESO PLUS,MAROGEST,OCT,1256991808.56,1.6554940250655736,96.15384615384616,0.4064373181068718,0.34319756523991524,53.96825396825397,67.6923076923077,73.22834645669292,64.61538461538461,69.23076923076923,64.37460702027631,17.0,112.0
MA0000030413,BMCI CASH,CIH CAPITAL MANAGEMENT,OCT,48886678.89,1.6422409312961461,89.74358974358975,0.4170148027826439,0.46837085943231893,52.38095238095239,61.53846153846154,9.448818897637794,44.61538461538462,21.53846153846154,41.834818724582505,45.0,286.0
MA0000039851,STERLING SHORT TERM BOND,STERLING ASSET MANAGEMENT,OCT,955158979.24,1.637398909065535,88.88888888888889,0.3765442534454742,0.08573935236880022,50.79365079365079,84.61538461538461,7.874015748031496,93.84615384615384,56.92307692307692,57.73597531077845,20.0,161.0
MA0000039117,CAM OBLIBANQUES,MAROGEST,OCT,674827580.96,1.6292718442291632,94.44444444444444,0.42962145649376127,0.3291489572007552,49.2063492063492,50.76923076923077,46.45669291338583,69.23076923076923,46.15384615384615,51.74555103688962,31.0,212.0
MA0000040180,OBLIDYNAMIC,WAFA GESTION,OCT,3441142418.54,1.6283663342486765,92.3076923076923,0.5454064855438285,1.0541851149061774,47.61904761904761,26.153846153846157,20.47244094488189,9.230769230769232,90.76923076923077,35.38020247469066,56.0,335.0
MA0000042061,ATLAS OBLIGBANCAIRES,ATLAS CAPITAL MANAGEMENT,OCT,334746921.14,1.6280576705005823,98.71794871794873,0.3458196538648471,0.15201645354556176,46.03174603174603,93.84615384615384,95.2755905511811,92.3076923076923,30.76923076923077,73.2492573043754,7.0,52.0
MA0000039869,QUANTUM OPTIMUM CT,QUANTUM CAPITAL GESTION,OCT,690255471.88,1.6272026706913634,85.71428571428571,0.5482050869956157,0.19252254409066152,44.44444444444444,24.615384615384617,4.724409448818897,87.6923076923077,49.23076923076923,38.50898445386633,53.0,314.0
MA0000030595,CDM TRESOR PLUS,WAFA GESTION,OCT,98009992.93,1.6139569067089576,93.58974358974359,0.41121145837221895,0.42527965359040004,42.857142857142854,63.07692307692307,36.22047244094488,47.69230769230769,26.153846153846157,45.639698883793365,37.0,255.0
MA0000040107,AL AMAL,UPLINE CAPITAL MANAGEMENT,OCT,7288068566.26,1.6132697114292105,97.43589743589743,0.39785373713548505,0.3491502173141321,41.269841269841265,78.46153846153847,88.9763779527559,61.53846153846154,98.46153846153847,68.86853566381126,9.0,75.0
MA0000042152,FCP EMERGENCE MONÉTAIRE PLUS ,VALORIS MANAGEMENT,OCT,2409864156.16,1.6092263306201504,94.87179487179486,0.41976697002796887,0.3105150554015482,39.682539682539684,58.46153846153847,54.330708661417326,72.3076923076923,86.15384615384616,56.84782671396846,21.0,165.0
MA0000040313,FCP CAP INSTITUTIONS,WAFA GESTION,OCT,2506775082.68,1.5655399521840696,93.58974358974359,0.5313092368879402,0.726314549407837,38.095238095238095,27.692307692307693,36.22047244094488,20.0,87.6923076923077,37.3649736090681,54.0,320.0
MA0000039463,ATLAS LIQUIDITE,ATLAS CAPITAL MANAGEMENT,OCT,624043.7,1.5649667101379716,71.7948717948718,4.562603106613293,13.492389962978201,36.507936507936506,1.5384615384615385,1.574803149606299,1.5384615384615385,3.076923076923077,12.190418505379133,61.0,406.0
MA0000042020,WINEO OBLIG CT,WINEO GESTION,OCT,716681681.89,1.549264211548529,97.43589743589743,0.3505711691774945,0.35351486501030593,34.92063492063492,92.3076923076923,88.9763779527559,58.46153846153847,50.76923076923077,65.19454298981859,14.0,103.0
MA0000037798,CDM OBLIG PLUS,WAFA GESTION,OCT,2730373711.6,1.547901878762259,93.58974358974359,0.4717587844757881,0.4931475891459206,33.33333333333333,41.53846153846154,36.22047244094488,41.53846153846154,89.23076923076924,42.78255602665052,42.0,282.0
MA0000038416,FCP ALPHA GLOBAL,RED MED ASSET MANAGEMENT,OCT,1399851621.9,1.5338628405499932,93.58974358974359,0.524464802359141,0.980788960947287,31.746031746031743,32.30769230769231,36.22047244094488,13.846153846153847,73.84615384615385,34.306365550460036,57.0,346.0
MA0000037392,FCP CAPITAL OBLIGATIONS BANQUES,BMCE CAPITAL GESTION,OCT,2021231348.03,1.5147754335357089,92.3076923076923,0.4111931141980766,0.7512440393643058,30.158730158730158,64.61538461538461,20.47244094488189,18.461538461538463,81.53846153846153,40.2190303135185,49.0,297.0
MA0000042574,HORIZON OBLI BANQUES,SAHAM CAPITAL GESTION,OCT,899908725.57,1.5007269145992597,93.58974358974359,0.4036277551441357,0.28448766358041244,28.57142857142857,72.3076923076923,36.22047244094488,75.38461538461539,55.38461538461539,50.738599982694474,33.0,220.0
MA0000041840,BMCI PREMIUM SHORT TERM BOND,CIH CAPITAL MANAGEMENT,OCT,1072094943.2,1.4621997268418063,93.58974358974359,0.39326707838684033,0.3270573676301515,26.984126984126984,81.53846153846153,36.22047244094488,70.76923076923077,61.53846153846154,52.49317873727322,29.0,204.0
MA0000038432,FCP AFRICAPITAL CASH PLUS,AFRICAPITAL MANAGEMENT,OCT,1403070675.67,1.4184413989662081,94.87179487179486,0.47961652492057427,0.6814756931095938,25.396825396825395,38.46153846153847,54.330708661417326,21.53846153846154,75.38461538461539,38.86980473594647,51.0,308.0
MA0000036873,AFRICAPITAL CASH,AFRICAPITAL MANAGEMENT,OCT,569880010.4,1.4060924329775348,91.02564102564102,0.41838304358235034,0.3375503688440978,23.809523809523807,60.0,13.385826771653544,66.15384615384615,38.46153846153847,38.589253266418616,52.0,312.0
MA0000036048,ATTIJARI MONETAIRE PLUS,WAFA GESTION,OCT,2185958798.01,1.3882806341420695,92.3076923076923,0.44721634093369494,0.6284218043323121,22.22222222222222,44.61538461538462,20.47244094488189,26.153846153846157,83.07692307692308,34.14577024025843,58.0,347.0
MA0000037483,CAPITAL TRUST OBLIG COURT TERME,CAPITAL TRUST GESTION,OCT,1176902791.68,1.3879603320519074,94.87179487179486,0.432392297099235,0.6094437010131927,20.634920634920633,49.23076923076923,54.330708661417326,30.76923076923077,67.6923076923077,40.74892561506735,48.0,293.0
MA0000041402,IRGAM SECURIPLUS,IRG ASSET MANAGEMENT,OCT,48529787.62,1.2417416222239908,96.15384615384616,0.3273175053038076,0.1896878772202094,19.047619047619047,96.92307692307692,73.22834645669292,89.23076923076924,20.0,59.975339621008914,19.0,143.0
MA0000036154,FCP CDM LIQUIDITES,WAFA GESTION,OCT,682938851.54,1.2376521598587376,91.02564102564102,0.42157357329419015,0.6809569844057282,17.46031746031746,56.92307692307692,13.385826771653544,23.076923076923077,47.69230769230769,30.376799053964408,59.0,360.0
MA0000040677,FCP INSTITUTIONS,CDG CAPITAL GESTION,OCT,451607253.56,1.2258149633173288,97.43589743589743,0.3605241572064548,0.6145533725565987,15.873015873015872,89.23076923076924,88.9763779527559,29.230769230769234,33.84615384615385,52.634103429379024,28.0,201.0
MA0000038119,FCP EMERGENCE TRESOR PLUS,VALORIS MANAGEMENT,OCT,821578019.24,1.2085122020478734,94.87179487179486,0.7293399446687635,0.24548132523548433,14.285714285714285,13.846153846153847,54.330708661417326,81.53846153846153,53.84615384615385,36.22877909492083,55.0,328.0
MA0000039281,BMCI PREMIUM SHORT BOND DIST,CIH CAPITAL MANAGEMENT,OCT,512010.29,1.1856215073251963,79.48717948717949,1.4823139267329877,2.0233222642675144,12.698412698412698,6.153846153846154,3.149606299212598,4.615384615384616,1.5384615384615385,6.824060453981714,63.0,409.0
MA0000041618,FCP TRESORERIE PLUS,CDG CAPITAL GESTION,OCT,1021883.49,1.1599073527408077,97.01492537313433,0.32532905274070534,0.3372170309262272,11.11111111111111,98.46153846153847,83.46456692913385,67.6923076923077,9.230769230769232,55.71855441146779,24.0,176.0
MA0000041238,RMA RENDEMENT CT,RMA ASSET MANAGEMENT,OCT,1127170.99,1.150842581175504,93.58974358974359,0.34540746400487127,0.45076895881209567,9.523809523809524,95.38461538461539,36.22047244094488,46.15384615384615,12.307692307692308,42.10123734533183,44.0,285.0
MA0000039018,UPLINE RETAIL SERENITE,UPLINE CAPITAL MANAGEMENT,OCT,1014104.1,1.1448604530141626,95.0,0.36141266359090696,0.42342769157881915,7.936507936507936,87.6923076923077,61.417322834645674,49.23076923076923,4.615384615384616,44.43364771711229,39.0,269.0
MA0000038929,FCP OCT DYNAMIQUE,CDG CAPITAL GESTION,OCT,1018914.79,1.1304591417185428,96.7741935483871,0.40403116394275745,0.2194212395824015,6.349206349206349,70.76923076923077,81.88976377952756,84.61538461538461,7.6923076923076925,49.43656081451357,35.0,227.0
MA0000038812,FCP SERENITE CT,CDG CAPITAL GESTION,OCT,30472947.9,1.1066758430832602,95.3125,0.3197923203998557,0.2975838555831443,4.761904761904762,100.0,62.99212598425197,73.84615384615385,18.461538461538463,51.95007354849875,30.0,209.0
MA0000035826,CFG LIQUIDITE,CFG GESTION,OCT,576089423.72,0.9258028792912487,88.46153846153845,0.8949537011979832,0.9543253252302683,3.1746031746031744,12.307692307692308,6.299212598425196,15.384615384615385,40.0,11.596838856681376,62.0,407.0
MA0000038531,CAPITAL TRUST SECURIPLUS,CAPITAL TRUST GESTION,OCT,1034226.3,0.7942117073343136,92.3076923076923,0.5725432176950196,0.27810924208015125,1.5873015873015872,21.53846153846154,20.47244094488189,78.46153846153847,10.76923076923077,22.801447895936086,60.0,391.0
MA0000038085,MONETAIRE PLUS,ATLAS CAPITAL MANAGEMENT,OCT,76763020.06,,90.0,0.4249557369112112,0.08125457056958993,,55.38461538461539,11.023622047244094,96.92307692307692,24.615384615384617,,,
MA0000039935,TWIN LIQUID BANK,TWIN CAPITAL GESTION,OCT,1014153.64,,100.0,1.102247201301468,0.07387488549392748,,7.6923076923076925,100.0,98.46153846153847,6.153846153846154,,,
MA0000039703,FCP OPTIMA SOUVERAIN,ALPHAVEST ASSET MANAGEMENT,OMLT,1009367.38,5.670301096238517,50.0,6.978683819639856,1.9293643903430278,100.0,2.727272727272727,3.65296803652968,88.28828828828829,8.108108108108109,45.46646584317818,59.0,258.0
MA0000038051,CAPITAL TRUST OBLIG PLUS,CAPITAL TRUST GESTION,OMLT,308845629.36,2.716191352345887,74.35897435897436,2.747994185078381,5.54650998159421,99.06542056074767,47.27272727272727,59.817351598173516,60.36036036036037,48.64864864864865,67.42019722495974,22.0,84.0
MA0000038176,CFG Profil Conservateur,CFG GESTION,OMLT,85196895.09,1.343801382540044,89.74358974358975,0.6280860720387377,1.1843086097651916,98.13084112149532,100.0,98.63013698630137,95.4954954954955,24.324324324324326,90.92203649046563,1.0,2.0
MA0000039000,UPLINE RETAIL SERENITE PLUS,UPLINE CAPITAL MANAGEMENT,OMLT,974433.3,1.2150419589528116,78.33333333333333,1.4547170397845737,4.169672058256844,97.19626168224299,92.72727272727272,84.01826484018264,73.87387387387388,5.405405405405405,80.76597127614923,9.0,23.0
MA0000040388,WG OBLIGATIONS,WAFA GESTION,OMLT,3852168289.3,1.0492469114909309,82.05128205128204,3.5307177239526784,11.668390210272321,96.26168224299066,13.636363636363635,93.60730593607306,12.612612612612612,96.3963963963964,62.54058830073425,33.0,125.0
MA0000041246,RMA RENDEMENT MT,RMA ASSET MANAGEMENT,OMLT,108210727.28,1.021541194759057,80.76923076923077,1.3333146980451025,3.1427396133278434,95.32710280373831,94.54545454545455,89.49771689497716,79.27927927927928,28.82882882882883,84.90881263125533,5.0,7.0
MA0000035990,EMERGENCE FUND,VALORIS MANAGEMENT,OMLT,1717766458.86,0.9680168093022745,75.64102564102564,3.179321817323797,10.51336910011077,94.39252336448598,23.636363636363637,68.0365296803653,18.01801801801802,84.68468468468468,59.00532502568093,36.0,149.0
MA0000039877,QUANTUM OBLIGATION PLUS,QUANTUM CAPITAL GESTION,OMLT,186563931.79,0.9224280945813623,57.14285714285714,2.4108158761090697,1.1303655014440817,93.45794392523365,63.63636363636363,5.47945205479452,97.2972972972973,36.93693693693694,63.3306527859082,30.0,120.0
MA0000041832,BMCI PREMIUM MEDIUM TERM BOND,CIH CAPITAL MANAGEMENT,OMLT,99773689.68,0.8117923408403671,82.05128205128204,1.145529283018411,2.2692508071849153,92.5233644859813,96.36363636363636,93.60730593607306,85.58558558558559,26.126126126126124,86.01983007436854,4.0,6.0
MA0000041949,HORIZON OBLIG TRESOR,SAHAM CAPITAL GESTION,OMLT,12476194.41,0.7432996465552622,81.35593220338984,1.0693757612112884,0.8711742259917945,91.58878504672897,99.0909090909091,91.32420091324201,99.09909909909909,16.216216216216218,87.00068945588085,3.0,5.0
MA0000041634,FCP OBLIGATIONS OPTIMUM,CDG CAPITAL GESTION,OMLT,138743996.53,0.704582503169715,76.5625,1.0782484548141866,1.8146474314696757,90.65420560747664,98.18181818181819,72.14611872146118,90.09009009009009,31.53153153153153,82.83760663865645,7.0,13.0
MA0000040438,AL IDDIKHAR CHAABI KASSIR AL MADA,UPLINE CAPITAL MANAGEMENT,OMLT,212359158.41,0.6455006215932091,85.8974358974359,1.4367496653527454,1.8306010928961718,89.7196261682243,93.63636363636364,97.71689497716895,89.1891891891892,40.54054054054054,87.30079018742443,2.0,4.0
MA0000040164,PROFIL SERENITE,WAFA GESTION,OMLT,879032719.79,0.626338677224636,70.51282051282051,2.2812042843647893,6.06016933885786,88.78504672897196,70.9090909090909,36.986301369863014,53.153153153153156,69.36936936936937,66.66995692984683,25.0,92.0
MA0000040263,ATTIJARI SECURITE,WAFA GESTION,OMLT,2632314582.69,0.6147004408501022,75.64102564102564,2.0943204114261316,6.163689732994725,87.85046728971963,74.54545454545455,68.0365296803653,52.25225225225225,93.69369369369369,75.8060169665598,14.0,40.0
MA0000039174,CAPITAL TRUST HORIZON,CAPITAL TRUST GESTION,OMLT,981281.42,0.5289020593420624,69.23076923076923,1.8201299810178717,4.60077678045469,86.91588785046729,82.72727272727273,29.22374429223744,71.17117117117117,6.306306306306306,63.90763970171217,29.0,117.0
MA0000038283,CAPITAL TRUST OPPORTUNITÉ,CAPITAL TRUST GESTION,OMLT,645479279.79,0.47254974207813216,73.07692307692307,3.2655782062209746,12.806463512285534,85.98130841121495,20.909090909090907,52.51141552511416,9.90990990990991,60.36036036036037,49.04647087818257,52.0,232.0
MA0000039232,CAPITAL RENDEMENT PLUS,BMCE CAPITAL GESTION,OMLT,1037662.3,0.42627794389862306,78.72340425531915,1.1096882743757306,1.3028633041811384,85.04672897196261,97.27272727272728,84.93150684931507,92.7927927927928,9.90990990990991,81.72841178954353,8.0,19.0
MA0000037343,UPLINE RENDEMENT PLUS,UPLINE CAPITAL MANAGEMENT,OMLT,754464.81,0.3928115256019993,78.2051282051282,2.3410532815496756,7.048679270474281,84.11214953271028,69.0909090909091,82.1917808219178,45.04504504504504,4.504504504504505,66.15193550413112,26.0,95.0
MA0000035677,CDG HORIZONS,CDG CAPITAL GESTION,OMLT,955000751.46,0.39263803680982257,82.05128205128204,1.7130231201216921,4.783396181596845,83.17757009345794,88.18181818181819,93.60730593607306,67.56756756756756,71.17117117117117,82.97243901295879,6.0,11.0
MA0000040693,CDG OBLIG SELECTION,CDG CAPITAL GESTION,OMLT,104831776.13,0.35321369428504834,80.76923076923077,2.9417629429034866,6.2829052619331565,82.2429906542056,38.18181818181819,89.49771689497716,50.45045045045045,27.927927927927925,62.47825548107202,34.0,126.0
MA0000037509,INSTIOBLIGATIONS ETAT,CIH CAPITAL MANAGEMENT,OMLT,17420779.68,0.3474799804147777,75.64102564102564,1.718064099417251,4.062953625181455,81.30841121495327,87.27272727272727,68.0365296803653,74.77477477477478,17.117117117117118,72.7459390466688,17.0,56.0
MA0000030546,ATTIJARI OBLIGATIONS,WAFA GESTION,OMLT,90349077.42,0.3073413389943269,71.7948717948718,1.6138810323901274,3.246433841613382,80.37383177570094,89.0909090909091,44.74885844748858,78.37837837837837,25.225225225225223,69.61392777421455,20.0,68.0
MA0000036436,EMERGENCE CAPITAL,VALORIS MANAGEMENT,OMLT,247579117.83,0.298292360028829,76.92307692307693,1.982548307817028,5.687145777483986,79.43925233644859,76.36363636363637,76.25570776255708,57.65765765765766,43.24324324324324,71.14679931732805,19.0,64.0
MA0000042285,HORIZON AVENIR,SAHAM CAPITAL GESTION,OMLT,1059320.97,0.22438159347122344,78.125,1.7839404978596336,1.5162571961404296,78.50467289719626,83.63636363636363,80.36529680365297,91.8918918918919,10.81081081081081,75.39841700384525,15.0,42.0
MA0000040016,UPLINE RENDEMENT,UPLINE CAPITAL MANAGEMENT,OMLT,6308211852.61,0.21283981612323366,74.35897435897436,2.4890879342415806,7.834745563613017,77.57009345794393,59.09090909090909,59.817351598173516,39.63963963963964,99.09909909909909,65.86308148560101,27.0,99.0
MA0000037996,CAPITAL TRUST RENDEMENT,CAPITAL TRUST GESTION,OMLT,676917699.73,0.178763856287234,70.51282051282051,3.588274344785998,12.577862556761591,76.63551401869158,11.818181818181818,36.986301369863014,10.81081081081081,63.06306306306306,41.270387862053454,66.0,288.0
MA0000037723,FCP CAPITAL COMBO,BMCE CAPITAL GESTION,OMLT,2615149244.91,0.1729807624624824,78.2051282051282,1.9305521336404026,4.551773308977509,75.70093457943925,80.9090909090909,82.1917808219178,72.07207207207207,92.7927927927928,79.46599935557815,12.0,27.0
MA0000036691,FCP MAROC CREANCES,MAROGEST,OMLT,115252537.37,0.1304461257500833,73.07692307692307,4.9359265438104725,16.328886608517177,74.76635514018692,4.545454545454546,52.51141552511416,5.405405405405405,30.630630630630627,37.942427157316416,76.0,317.0
MA0000042012,WINEO OBLIG,WINEO GESTION,OMLT,165403994.97,0.12805492739011992,82.05128205128204,1.5003378247707129,2.442539929879244,73.83177570093457,91.81818181818183,93.60730593607306,83.78378378378379,34.234234234234236,79.81653034303143,10.0,25.0
MA0000038499,UPLINE SECURE PLUS,UPLINE CAPITAL MANAGEMENT,OMLT,3949839577.77,0.12015826560125564,76.92307692307693,2.5727708449905613,7.932445307975411,72.89719626168224,56.36363636363636,76.25570776255708,38.73873873873874,97.2972972972973,66.7517500624657,23.0,89.0
MA0000038713,OBLIGATAIRE PLUS,ATLAS CAPITAL MANAGEMENT,OMLT,78133382.12,0.10872519706441874,70.1492537313433,2.8176913556718732,5.323071989738657,71.96261682242991,44.54545454545455,32.87671232876712,63.96396396396396,21.62162162162162,51.05724790560279,50.0,218.0
MA0000041170,AL BARID ISTITMAR,CDG CAPITAL GESTION,OMLT,2193535276.74,0.1068518765860782,80.76923076923077,1.944783680417597,4.766544255414834,71.02803738317756,79.0909090909091,89.49771689497716,68.46846846846847,89.1891891891892,78.16987105586516,13.0,30.0
MA0000037491,INSTIOBLIGATIONS,CIH CAPITAL MANAGEMENT,OMLT,209999738.43,0.06034340885403555,79.48717948717949,1.270463772329424,2.0742349610208284,70.09345794392523,95.45454545454545,87.67123287671232,87.38738738738738,39.63963963963964,79.49799239422848,11.0,26.0
MA0000039836,STERLING BOND,STERLING ASSET MANAGEMENT,OMLT,306241380.37,0.00496810476739995,66.66666666666666,1.9610256299402469,1.2956817233361781,69.1588785046729,78.18181818181819,18.72146118721461,93.69369369369369,47.74774774774775,62.866239163128164,32.0,124.0
MA0000040552,UPLINE BONDS,UPLINE CAPITAL MANAGEMENT,OMLT,1653259.81,0.0,16.666666666666664,3.1742074530807916,6.451612903225811,68.22429906542055,24.545454545454547,0.91324200913242,47.74774774774775,13.513513513513514,35.299815271329805,82.0,337.0
MA0000040214,PATRIMOINE OBLIGATIONS,WAFA GESTION,OMLT,51884370.44,-0.025859839668995743,70.51282051282051,2.384320009975679,7.298718883449648,67.28971962616822,66.36363636363637,36.986301369863014,43.24324324324324,18.91891891891892,52.55346363111054,45.0,202.0
MA0000038341,OBLIG INSTITUTIONS,IRG ASSET MANAGEMENT,OMLT,600149835.98,-0.06248535499492336,69.23076923076923,3.142841076852218,3.860499813502425,66.35514018691589,28.18181818181818,29.22374429223744,76.57657657657657,57.65765765765766,50.048997712229045,51.0,223.0
MA0000041410,IRGAM SECURIBANCAIRES,IRG ASSET MANAGEMENT,OMLT,1081153776.84,-0.0885525680244692,70.51282051282051,3.3524373501865803,13.73590455956856,65.42056074766354,18.181818181818183,36.986301369863014,8.108108108108109,72.97297297297297,40.082396557239726,69.0,298.0
MA0000042467,CIH OBLIGATIONS,CIH CAPITAL MANAGEMENT,OMLT,6939973.36,-0.09671426026315322,75.64102564102564,3.4953719124315983,5.336859552478911,64.48598130841121,15.454545454545453,68.0365296803653,63.06306306306306,15.315315315315313,47.80772768322378,55.0,239.0
MA0000030702,ATTIJARI PATRIMOINE TAUX,WAFA GESTION,OMLT,201046534.08,-0.10191011578616349,64.1025641025641,1.9991283523056302,5.689258827502808,63.55140186915887,75.45454545454545,12.785388127853881,56.75675675675676,38.73873873873874,52.8735219373422,44.0,198.0
MA0000040602,CDG BONDS DYNAMIQUE,CDG CAPITAL GESTION,OMLT,2186652941.35,-0.11519115999062413,75.64102564102564,2.7469721655593227,6.957869018532864,62.616822429906534,48.18181818181818,68.0365296803653,45.94594594594595,88.28828828828829,60.15852793122029,35.0,141.0
MA0000038614,TWIN BOND,TWIN CAPITAL GESTION,OMLT,161873815.85,-0.11947123235865886,83.56164383561644,1.8419711301580919,2.86474440989315,61.6822429906542,81.81818181818183,96.80365296803653,80.18018018018019,33.33333333333333,73.68030930570939,16.0,51.0
MA0000038366,FCP CAPITAL OBLIGATIONS,BMCE CAPITAL GESTION,OMLT,2343749630.85,-0.12481077076691438,70.51282051282051,3.1464691990493026,9.740856129229767,60.747663551401864,27.27272727272727,36.986301369863014,26.126126126126124,90.990990990991,45.457759175593,60.0,259.0
MA0000036345,CFG INSTIBONDS,CFG GESTION,OMLT,1420007.56,-0.176004693458498,79.06976744186046,1.7605236791656795,78.36012861736334,59.813084112149525,86.36363636363636,86.7579908675799,0.9009009009009009,12.612612612612612,58.28282889446633,37.0,157.0
MA0000041519,CDM OBLIGATIONS,WAFA GESTION,OMLT,169587327.37,-0.1837104658314881,76.92307692307693,2.2474291716038506,5.174894385235013,58.87850467289719,71.81818181818181,76.25570776255708,64.86486486486487,35.13513513513514,64.11248165216927,28.0,115.0
MA0000041451,CDM PROFIL SERENITE,WAFA GESTION,OMLT,78222587.25,-0.19467134895793103,58.97435897435898,2.4793905736867456,6.048717395990516,57.943925233644855,60.0,7.76255707762557,54.054054054054056,22.52252252252252,44.296049345978936,62.0,270.0
MA0000038168,CFG PROFIL PRUDENT,CFG GESTION,OMLT,20994146.12,-0.24799986410967145,71.7948717948718,1.5743451137946691,2.534785690304777,57.009345794392516,90.9090909090909,44.74885844748858,82.88288288288288,18.01801801801802,63.014082389322425,31.0,123.0
MA0000042038,WINEO OBLIG SECURITE,WINEO GESTION,OMLT,549033.98,-0.26362095721678136,83.33333333333334,1.594508379361232,2.132081926684265,56.074766355140184,90.0,95.8904109589041,86.48648648648648,2.7027027027027026,71.74375534156611,18.0,61.0
MA0000037061,FCP CAPITAL PLUS,BMCE CAPITAL GESTION,OMLT,2039895011.67,-0.3064443442992282,74.35897435897436,1.979188180649038,2.365045589091901,55.140186915887845,77.27272727272727,59.817351598173516,84.68468468468468,87.38738738738738,69.26514965402431,21.0,72.0
MA0000040115,KENZ OBLIGATIONS,UPLINE CAPITAL MANAGEMENT,OMLT,499343710.2,-0.3220087557436857,76.92307692307693,3.46659940693948,11.064334178042996,54.20560747663551,16.363636363636363,76.25570776255708,15.315315315315313,54.95495495495496,43.396525679203954,63.0,278.0
MA0000030587,CDM GENERATION,WAFA GESTION,OMLT,422755063.49,-0.3312524947886586,73.07692307692307,2.91970329252191,8.632619238739954,53.271028037383175,40.0,52.51141552511416,31.53153153153153,52.25225225225225,46.438546471192744,57.0,250.0
MA0000035941,FCP CAPITAL IMTIYAZ SECURITE,BMCE CAPITAL GESTION,OMLT,1120475352.88,-0.4042756388006441,66.66666666666666,2.962971101825719,10.140330085894396,52.336448598130836,37.27272727272727,18.72146118721461,20.72072072072072,73.87387387387388,39.258904130559486,72.0,304.0
MA0000035933,FCP CAPITAL INSTITUTIONS,BMCE CAPITAL GESTION,OMLT,1286918518.29,-0.4252260432035748,78.2051282051282,2.1669799351287975,5.6400490880622804,51.4018691588785,73.63636363636363,82.1917808219178,58.55855855855856,76.57657657657657,66.70944926257945,24.0,90.0
MA0000037087,AD BONDS,AD CAPITAL ASSET MANAGEMENT,OMLT,1667440260.61,-0.4393831714553209,71.7948717948718,3.3881603120043193,11.086975519019255,50.467289719626166,17.272727272727273,44.74885844748858,14.414414414414415,83.78378378378379,38.94868096410792,74.0,307.0
MA0000042129,ATTIJARI FIXED INCOME DISTRIBUTION,WAFA GESTION,OMLT,1031828.79,-0.45762401610836,65.21739130434783,1.7830110806836088,1.5849881581344463,49.532710280373834,84.54545454545455,14.61187214611872,90.990990990991,9.00900900900901,53.468100699249085,42.0,192.0
MA0000041824,BMCI PREMIUM LONG TERM BOND,CIH CAPITAL MANAGEMENT,OMLT,2406922.41,-0.4818293537682261,58.97435897435898,2.4769688372039735,6.415220383816034,48.598130841121495,61.81818181818181,7.76255707762557,48.64864864864865,14.414414414414415,40.32523486114575,68.0,296.0
MA0000038523,CAPITAL TRUST SÉRÉNITÉ,CAPITAL TRUST GESTION,OMLT,625778354.43,-0.5314474273301673,70.51282051282051,2.6074389114796657,5.123846756754204,47.66355140186916,54.54545454545454,36.986301369863014,66.66666666666666,58.55855855855856,51.18854518675284,48.0,215.0
MA0000042079,ATLAS PERENNITE,ATLAS CAPITAL MANAGEMENT,OMLT,483874696.14,-0.5655452436194919,73.07692307692307,2.2922611226683185,5.95839893925582,46.728971962616825,70.0,52.51141552511416,54.95495495495496,54.054054054054056,55.669623342456525,40.0,181.0
MA0000037038,CFG CORPORATE BONDS,CFG GESTION,OMLT,57061853.93,-0.58038652545922,73.07692307692307,2.527162461371734,7.592859955374717,45.794392523364486,57.27272727272727,52.51141552511416,41.44144144144144,19.81981981981982,46.75698087841219,56.0,245.0
MA0000030496,SICAVENIR,BMCE CAPITAL GESTION,OMLT,215560173.86,-0.6064589189298641,67.94871794871796,3.3483219859313373,11.556567160589386,44.85981308411215,19.090909090909093,23.28767123287671,13.513513513513514,41.44144144144144,29.05937661570743,92.0,367.0
MA0000037871,IRGAM OBLIRENDEMENT,IRG ASSET MANAGEMENT,OMLT,719601048.79,-0.6127258444619033,66.66666666666666,2.680903982572681,10.908645203464614,43.925233644859816,51.81818181818182,18.72146118721461,16.216216216216218,63.96396396396396,38.70523661427515,75.0,310.0
MA0000040420,AL IDDIKHAR CHAABI TAWIL AL MADA,UPLINE CAPITAL MANAGEMENT,OMLT,141461307.94,-0.6199063637939983,74.35897435897436,2.4526685773488346,6.234305582383631,42.99065420560748,62.727272727272734,59.817351598173516,51.35135135135135,32.432432432432435,51.48843070908107,47.0,214.0
MA0000038317,CFG SOVEREIGN BONDS,CFG GESTION,OMLT,2510473890.85,-0.6392377190290066,74.35897435897436,3.1079662632044505,9.783960671661687,42.05607476635514,29.09090909090909,59.817351598173516,25.225225225225223,91.8918918918919,44.82599299524149,61.0,267.0
MA0000040941,RMA RENDEMENT PLUS,RMA ASSET MANAGEMENT,OMLT,3722282523.77,-0.6566720356832922,61.53846153846154,4.060693087939399,12.241102917601781,41.1214953271028,9.090909090909092,10.95890410958904,11.711711711711711,95.4954954954955,28.10726299908223,95.0,376.0
MA0000038200,FCP EMERGENCE OBLIRENDEMENT,VALORIS MANAGEMENT,OMLT,4702296790.33,-0.6756031285875985,73.07692307692307,2.771507938360013,8.903080728581067,40.18691588785047,46.36363636363636,52.51141552511416,29.72972972972973,98.1981981981982,48.428546241566345,54.0,235.0
MA0000041626,FCP OBLIG PERENITE,CDG CAPITAL GESTION,OMLT,635818018.32,-0.6844452847701521,68.75,3.5288487697543793,9.158728990307937,39.25233644859813,14.545454545454545,26.48401826484018,28.82882882882883,59.45945945945946,30.97913849418138,90.0,359.0
MA0000039802,CFG OBLIGATAIRE PLUS,CFG GESTION,OMLT,1262196.742404,-0.6928226685349648,53.84615384615385,4.924833243090684,20.81417114426202,38.31775700934579,5.454545454545454,4.5662100456621,1.8018018018018018,11.711711711711711,15.21364691701396,106.0,404.0
MA0000041261,FCP ALPHA SECURE FUND,RED MED ASSET MANAGEMENT,OMLT,753017600.35,-0.6979869453129339,70.51282051282051,7.332000918348193,13.719074221867524,37.38317757009346,1.8181818181818181,36.986301369863014,9.00900900900901,65.76576576576578,26.994686927474024,98.0,379.0
MA0000038267,CAPITAL TRUST OBLIG PREMIUM,CAPITAL TRUST GESTION,OMLT,647906253.88,-0.6983995011432209,75.64102564102564,2.4019850990513216,8.12040695907164,36.44859813084112,65.45454545454545,68.0365296803653,36.03603603603604,61.261261261261254,52.43705327049329,46.0,206.0
MA0000030280,CDG TAWFIR,CDG CAPITAL GESTION,OMLT,1410024793.07,-0.7045068308407232,71.7948717948718,2.9784201771478673,10.295245818994804,35.51401869158878,35.45454545454545,44.74885844748858,19.81981981981982,79.27927927927928,39.36851456151162,71.0,303.0
MA0000035792,CFG RENDEMENT,CFG GESTION,OMLT,102200230.95,-0.71652868969454,48.717948717948715,2.9396397712008544,8.563465923486197,34.57943925233645,39.09090909090909,2.73972602739726,32.432432432432435,27.027027027027028,28.262071821475224,93.0,374.0
MA0000041014,FCP ALPHA INCOME FUND,RED MED ASSET MANAGEMENT,OMLT,1445746656.02,-0.7214477867449332,73.07692307692307,2.894689232992087,9.287757047528268,33.64485981308411,41.81818181818181,52.51141552511416,27.027027027027028,80.18018018018019,43.12235857556559,64.0,280.0
MA0000040859,CDG OBLIG PREMIUM,CDG CAPITAL GESTION,OMLT,1544583501.53,-0.7503992059039399,73.07692307692307,3.2899966494844985,9.210397193395652,32.71028037383177,20.0,52.51141552511416,27.927927927927925,81.98198198198197,37.70275460455975,77.0,318.0
MA0000036865,AFRICAPITAL BONDS,AFRICAPITAL MANAGEMENT,OMLT,191067448.93,-0.7655329813498479,67.94871794871796,2.681276242232385,8.338035738277568,31.775700934579437,50.90909090909091,23.28767123287671,35.13513513513514,37.83783783783784,35.97157130827595,79.0,329.0
MA0000042186,EMERGENCE RENDEMENT BANQUES,VALORIS MANAGEMENT,OMLT,886055396.53,-0.79693359805868,76.92307692307693,2.6891324600219075,6.498299612907275,30.8411214953271,50.0,76.25570776255708,46.846846846846844,70.27027027027027,51.05753205516359,49.0,217.0
MA0000030785,HORIZON OBLIG PLUS,SAHAM CAPITAL GESTION,OMLT,675145700.56,-0.8225664071904393,76.92307692307693,2.351123704781906,5.457061410005819,29.906542056074763,68.18181818181817,76.25570776255708,61.261261261261254,62.16216216216216,56.67396412019379,38.0,167.0
MA0000035917,CAPITAL TRESOR,BMCE CAPITAL GESTION,OMLT,502886742.38,-0.8301618501944774,76.92307692307693,2.3547831490368965,5.4166552991476316,28.971962616822427,67.27272727272727,76.25570776255708,62.16216216216216,55.85585585585585,55.670822065649865,39.0,180.0
MA0000039125,CAM OBLIRENDEMENT,MAROGEST,OMLT,360555097.78,-0.8483068417415307,68.51851851851852,2.190423818044649,2.8355312660884704,28.037383177570092,72.72727272727273,25.570776255707763,81.08108108108108,50.45045045045045,48.91439559343797,53.0,234.0
MA0000039075,FCP OBLIG OPPORTUNITES,IRG ASSET MANAGEMENT,OMLT,252228529.57,-0.8758568164508818,64.28571428571429,3.044563917998365,10.05553931598947,27.102803738317753,33.63636363636363,13.698630136986301,21.62162162162162,44.14414414414414,26.937315715641155,99.0,380.0
MA0000040099,ASSANAD CHAABI,UPLINE CAPITAL MANAGEMENT,OMLT,265145469.27,-0.8795601210013548,75.64102564102564,2.6613911470116762,7.4357638786128195,26.168224299065418,52.72727272727272,68.0365296803653,42.34234234234234,45.04504504504504,45.49544726346672,58.0,257.0
MA0000038309,CFG SECURE BONDS,CFG GESTION,OMLT,800389456.93,-0.8850192122671796,71.7948717948718,5.5521715690612,10.31644977735574,25.233644859813083,3.6363636363636362,44.74885844748858,18.91891891891892,67.56756756756756,27.023550651127145,97.0,378.0
MA0000042210,EMERGENCE RENDEMENT PLUS,VALORIS MANAGEMENT,OMLT,267304099.11,-0.9134735119365245,74.6268656716418,3.7223162516482775,10.53334614645396,24.299065420560748,10.909090909090908,63.926940639269404,17.117117117117118,45.94594594594595,29.964542643456998,91.0,365.0
MA0000040503,FCP CKG BONDS,CDG CAPITAL GESTION,OMLT,2690331265.8,-1.0172864164316064,71.7948717948718,3.556558455515596,8.821114121232638,23.364485981308412,12.727272727272727,44.74885844748858,30.630630630630627,94.5945945945946,33.194989719762475,86.0,350.0
MA0000041675,HORIZON OBLIG OPTIMAL,SAHAM CAPITAL GESTION,OMLT,450339388.32,-1.021864188691901,69.23076923076923,2.838812192076717,7.666285766006312,22.429906542056074,43.63636363636363,29.22374429223744,40.54054054054054,53.153153153153156,34.87920812655162,83.0,339.0
MA0000040578,CDG RENDEMENT,CDG CAPITAL GESTION,OMLT,2267832441.4,-1.039441463033397,71.7948717948718,2.8997523772960188,8.385378354079217,21.49532710280374,40.909090909090914,44.74885844748858,33.33333333333333,90.09009009009009,39.634651556620575,70.0,301.0
MA0000037319,CAPITAL TRUST OBLIGATAIRE,CAPITAL TRUST GESTION,OMLT,536707119.83,-1.0717428781540472,75.64102564102564,1.9370457514185246,5.573582617618243,20.5607476635514,80.0,68.0365296803653,59.45945945945946,56.75675675675676,54.37012482973308,41.0,187.0
MA0000039695,FCP OPTIMA OBLIGATAIRE,ALPHAVEST ASSET MANAGEMENT,OMLT,1141119829.33,-1.084795148937845,46.15384615384615,2.4095539957980785,2.7571424376780174,19.626168224299064,64.54545454545455,1.82648401826484,81.98198198198197,75.67567567567568,42.25437577217119,65.0,284.0
MA0000039158,AD COMPACT OBLIGATAIRE,AD CAPITAL ASSET MANAGEMENT,OMLT,1075794439.75,-1.0962667212667365,66.0377358490566,2.9666254148066287,6.305222879292346,18.69158878504673,36.36363636363637,15.52511415525114,49.549549549549546,72.07207207207207,32.44304819711298,88.0,356.0
MA0000037475,EMERGENCE SÉRÉNITÉ,VALORIS MANAGEMENT,OMLT,867229464.1,-1.1086864705054267,74.35897435897436,3.07226942911268,9.833997936121685,17.75700934579439,31.818181818181817,59.817351598173516,23.423423423423422,68.46846846846847,35.605478938278836,81.0,334.0
MA0000036683,FCP MAROC INSTITUTIONS,MAROGEST,OMLT,1395097407.49,-1.127012522361348,67.94871794871796,4.574555258196577,16.33954553897591,16.822429906542055,7.2727272727272725,23.28767123287671,4.504504504504505,77.47747747747748,19.945868460143203,103.0,396.0
MA0000030066,BMCI EPARGNE OBLIGATIONS,CIH CAPITAL MANAGEMENT,OMLT,237423598.43,-1.1709855795294377,70.51282051282051,3.0506482472421896,9.814595660749506,15.887850467289718,32.72727272727273,36.986301369863014,24.324324324324326,42.34234234234234,28.228316478860584,94.0,375.0
MA0000040743,RMA OBLIGATIONS,RMA ASSET MANAGEMENT,OMLT,9359964744.53,-1.2396263446445954,66.66666666666666,4.357087549937978,14.42257087501213,14.953271028037381,8.181818181818182,18.72146118721461,7.207207207207207,100.0,21.356809172389763,102.0,393.0
MA0000037210,ATLAS SERENITE,ATLAS CAPITAL MANAGEMENT,OMLT,82569915.25,-1.2405699916177682,76.92307692307693,2.8827212383568983,5.728051391862957,14.018691588785046,42.72727272727273,76.25570776255708,55.85585585585585,23.423423423423422,40.859287931685834,67.0,291.0
MA0000036998,BOND OPTIMUM,SAHAM CAPITAL GESTION,OMLT,110433363.99,-1.25927555177745,71.7948717948718,2.9785306389636697,7.167648112935184,13.084112149532709,34.54545454545455,44.74885844748858,44.14414414414414,29.72972972972973,31.105963565315758,89.0,358.0
MA0000039638,FCP AFRICAPITAL RENDEMENT,AFRICAPITAL MANAGEMENT,OMLT,397809530.05,-1.3546323416062989,58.82352941176471,2.6976401082848587,3.5851727971569596,12.149532710280374,49.09090909090909,6.392694063926941,77.47747747747748,51.35135135135135,33.95288265535353,85.0,348.0
MA0000041329,CAM OBLIGATIONS,MAROGEST,OMLT,1448201607.09,-1.357850070721367,66.66666666666666,3.911365719681025,15.390210197105251,11.214953271028037,10.0,18.72146118721461,6.306306306306306,81.08108108108108,18.66283227280539,104.0,399.0
MA0000039083,FCP OBLIG LONG TERM,IRG ASSET MANAGEMENT,OMLT,591935.58,-1.3643868949335114,62.5,10.411787805253878,18.717723862418392,10.2803738317757,0.9090909090909091,11.87214611872146,2.7027027027027026,3.6036036036036037,6.451579866315495,107.0,411.0
MA0000037152,OBLIGATAIRE PREMIUM,IRG ASSET MANAGEMENT,OMLT,1855973460.05,-1.3700375963805578,67.94871794871796,2.4770728212743793,8.002226706561826,9.345794392523365,60.909090909090914,23.28767123287671,36.93693693693694,86.48648648648648,36.87773448079427,78.0,324.0
MA0000039448,AFG GOV BOND FUND,AFG ASSET MANAGEMENT,OMLT,1724502464.49,-1.4338077629523993,78.94736842105263,2.5829819570501917,4.173593490244118,8.411214953271028,55.45454545454545,85.84474885844749,72.97297297297297,85.58558558558559,53.06045512581167,43.0,196.0
MA0000036915,FCP IRGAM OBLIGATAIRE,IRG ASSET MANAGEMENT,OMLT,1135982216.79,-1.489412609163776,66.66666666666666,4.8493746314044355,18.097281831187402,7.476635514018691,6.363636363636363,18.72146118721461,3.6036036036036037,74.77477477477478,15.59621000057564,105.0,403.0
MA0000037830,CAPITAL TRUST INSTITUTIONS,CAPITAL TRUST GESTION,OMLT,356370713.99,-1.5098445678159322,71.7948717948718,2.6282378707515,8.355154326375553,6.5420560747663545,53.63636363636364,44.74885844748858,34.234234234234236,49.549549549549546,34.411569511108624,84.0,344.0
MA0000035099,FCP CAM EPARGNE,MAROGEST,OMLT,765540588.2,-1.670082915298532,69.23076923076923,3.0876247417262577,10.018409662469098,5.607476635514018,30.909090909090907,29.22374429223744,22.52252252252252,66.66666666666666,25.299309621419468,100.0,383.0
MA0000039190,TWIN BOND TRESOR,TWIN CAPITAL GESTION,OMLT,173780080.33,-1.7736746637461942,70.0,2.7978891357241515,4.709182607657648,4.672897196261682,45.45454545454545,31.963470319634702,69.36936936936937,36.03603603603604,33.167208595450816,87.0,351.0
MA0000038978,AFG INCOME FUND,AFG ASSET MANAGEMENT,OMLT,287337198.22,-1.8364396674235173,74.35897435897436,3.103958424649824,4.657410903598701,3.7383177570093453,30.0,59.817351598173516,70.27027027027027,46.846846846846844,35.81019087196273,80.0,331.0
MA0000039570,AFG ACTIVE BOND FUND,AFG ASSET MANAGEMENT,OMLT,1402181406.29,-1.9043425120425672,59.09090909090909,3.2223257727563603,4.039508449630269,2.803738317757009,22.727272727272727,9.1324200913242,75.67567567567568,78.37837837837837,27.538612884599313,96.0,377.0
MA0000040412,AL IDDIKHAR CHAABI MOUTAWASSIT AL MADA,UPLINE CAPITAL MANAGEMENT,OMLT,66099019.03,-2.1403812824956625,74.35897435897436,2.4952706845414996,5.1739788199697525,1.8691588785046727,58.18181818181818,59.817351598173516,65.76576576576578,20.72072072072072,39.0066094655776,73.0,306.0
MA0000036972,CFG PREVOYANCE,CFG GESTION,OMLT,726922988.39,-3.2578489918997144,69.23076923076923,3.2411697397372534,7.938068321454896,0.9345794392523363,21.818181818181817,29.22374429223744,37.83783783783784,64.86486486486487,23.741830306930805,101.0,388.0
MA0000038101,FCP EMERGENCE INSTITUTIONS,VALORIS MANAGEMENT,OMLT,1621081581.21,,,,0.0,,,,100.0,82.88288288288288,,,
MA0000039919,FCP ALPHA OPPORTUNITE,RED MED ASSET MANAGEMENT,OMLT,1002321.43,,60.0,1.7816266356027648,0.9315940939703471,,85.45454545454545,10.045662100456621,98.1981981981982,7.207207207207207,,,
MA0000300030,AD CAPITAL DYNAMIC BOND,AD CAPITAL ASSET MANAGEMENT,OMLT,539917.62,,100.0,3.1675054877042705,1.1858772796693915,,25.454545454545453,100.0,94.5945945945946,0.9009009009009009,,,
MA0000300055,AD CAPITAL OBLIGATAIRE PLUS,AD CAPITAL ASSET MANAGEMENT,OMLT,542253.79,,100.0,3.166950168715458,1.1678977839888134,,26.36363636363636,100.0,96.3963963963964,1.8018018018018018,,,
